#{"t_start": 1790414012.686654, "env_id": "None"}
r,l,t,seed,entry_tick,policy_ticks,target_index,us_block_scores,us_block_score_events,them_block_score_events,target_block_offs,unowned_block_offs,us_drops,attribution_ambiguous,done_reason,faults,score_us,score_them
-1.002,20,1.107272,20260925,181,20,0,0,0,0,0,0,1,False,,0,0,1
-1.0013,13,1.181505,42,160,13,0,0,0,0,0,0,1,False,,0,0,1
-1.0042,42,1.28988,1000,177,42,0,0,0,0,0,0,1,False,,0,0,1
-1.0043,43,1.385677,1001,156,43,0,0,0,0,0,0,1,False,,0,0,1
-1.0022,22,1.471546,1002,166,22,0,0,0,0,0,0,1,False,,0,0,1
-1.0027,27,1.556914,1003,165,27,0,0,0,0,0,0,1,False,,0,0,1
-1.0021,21,1.638889,1004,161,21,0,0,0,0,0,0,1,False,,0,0,1
-1.0014,14,1.715381,1005,164,14,0,0,0,0,0,0,1,False,,0,0,1
-1.012627,73,1.841711,1006,166,73,0,0,0,0,0,0,1,False,,0,0,1
-1.0013,13,1.919178,1007,172,13,0,0,0,0,0,0,1,False,,0,0,1
-1.0023,23,2.007718,1008,171,23,0,0,0,0,0,0,1,False,,0,0,1
-1.0012,12,2.0901,1009,177,12,0,0,0,0,0,0,1,False,,0,0,1
-1.0034,34,2.184531,1010,163,34,0,0,0,0,0,0,1,False,,0,0,1
-0.207891,2224,4.669045,1011,176,2224,0,0,0,0,0,1,0,False,比赛时间结束(手动模式),0,11,0
-1.0015,15,4.746032,1012,159,15,0,0,0,0,0,0,1,False,,0,0,1
-1.024618,267,5.024681,1013,166,267,0,0,0,0,0,0,1,False,,0,0,1
-0.1822,2219,7.50034,1014,181,2219,0,0,0,0,0,1,0,False,比赛时间结束(手动模式),0,2,0
-1.025352,194,7.735412,1015,182,194,0,0,0,0,0,0,1,False,,0,0,1
-1.0024,24,7.823638,1016,177,24,0,0,0,0,0,0,1,False,,0,0,1
0.0,1,8.603098,1017,-1,0,-1,0,0,0,0,0,0,False,恢复次数超限 → 停车,0,0,4
-1.0005,5,8.668785,1018,165,5,0,0,0,0,0,0,1,False,,0,0,1
-1.010725,102,8.811211,1019,170,102,0,0,0,0,0,0,1,False,,0,0,1
-1.006,60,8.916771,1020,155,60,0,0,0,0,0,0,1,False,,0,0,1
-1.003208,276,9.189619,1021,152,276,0,0,0,0,0,0,1,False,,0,0,1
-1.0019,19,9.268569,1022,172,19,0,0,0,0,0,0,1,False,,0,0,1
1.038241,263,9.5383,1023,165,263,0,1,1,0,0,0,0,False,,0,3,0
-1.109033,1333,11.916869,1024,157,1333,0,0,0,0,0,0,1,False,,0,0,1
-1.0015,15,11.992452,1025,164,15,0,0,0,0,0,0,1,False,,0,0,1
-1.0013,13,12.065514,1026,162,13,0,0,0,0,0,0,1,False,,0,0,1
-1.001395,31,12.153741,1027,166,31,0,0,0,0,0,0,1,False,,0,0,1
1.043448,214,12.384566,1028,181,214,0,1,1,0,0,0,0,False,,0,3,0
-0.2237,2237,15.012224,1029,163,2237,0,0,0,0,0,0,0,False,比赛时间结束(手动模式),0,11,0
-1.007195,52,15.118966,1030,167,52,0,0,0,0,0,0,1,False,,0,0,1
-1.0025,25,15.207823,1031,189,25,0,0,0,0,0,0,1,False,,0,0,4
-1.006416,45,15.308594,1032,176,45,0,0,0,0,0,0,1,False,,0,0,1
-1.009933,61,15.423934,1033,167,61,0,0,0,0,0,0,1,False,,0,2,0
-1.00694,50,15.526791,1034,167,50,0,0,0,0,0,0,1,False,,0,0,1
-1.005841,23,15.610826,1035,164,23,0,0,0,0,0,0,1,False,,0,0,1
-1.0017,17,15.685515,1036,160,17,0,0,0,0,0,0,1,False,,0,0,1
-1.0056,56,15.792144,1037,167,56,0,0,0,0,0,0,1,False,,0,0,1
-1.001,10,15.86282,1038,166,10,0,0,0,0,0,0,1,False,,0,0,1
-1.001,10,15.939627,1039,172,10,0,0,0,0,0,0,1,False,,0,0,1
-1.007488,552,17.472853,1040,166,552,0,0,0,0,0,0,1,False,,0,0,1
-1.0019,19,17.548343,1041,155,19,0,0,0,0,0,0,1,False,,0,0,1
-1.012055,130,17.695053,1042,168,130,0,0,0,0,0,0,1,False,,0,2,0
0.0,1,18.021451,1043,-1,0,-1,0,0,0,0,0,0,False,恢复次数超限 → 停车,0,0,4
-1.0227,102,18.159437,1044,163,102,0,0,0,0,0,0,1,False,,0,0,1
0.0,1,18.877009,1045,-1,0,-1,0,0,0,0,0,0,False,恢复次数超限 → 停车,0,0,12
-0.223763,2223,21.419075,1046,177,2223,0,0,0,0,0,1,0,False,比赛时间结束(手动模式),0,11,0
-1.0012,12,21.492467,1047,159,12,0,0,0,0,0,0,1,False,,0,0,1
-0.454668,194,21.703778,1048,163,194,0,0,0,0,1,1,0,False,,0,0,0
-1.0014,14,21.773092,1049,155,14,0,0,0,0,0,0,1,False,,0,0,1
-0.964474,115,21.929985,1050,177,115,0,0,0,0,0,0,1,False,,0,0,1
-1.0095,95,22.067481,1051,168,95,0,0,0,0,0,0,1,False,,0,0,1
-1.0014,14,22.144802,1052,172,14,0,0,0,0,0,0,1,False,,0,0,1
-1.0022,22,22.234383,1053,181,22,0,0,0,0,0,0,1,False,,0,0,1
-1.0008,8,22.305149,1054,170,8,0,0,0,0,0,0,1,False,,0,0,1
-1.029104,303,22.607169,1055,166,303,0,0,0,0,0,0,1,False,,0,1,1
-1.0068,68,22.726821,1056,167,68,0,0,0,0,0,0,1,False,,0,0,1
-1.006177,47,22.820642,1057,160,47,0,0,0,0,0,0,1,False,,0,0,1
-1.020005,150,22.98855,1058,165,150,0,0,0,0,0,0,1,False,,0,0,1
-1.015284,138,24.024846,1059,181,138,0,0,0,0,0,0,1,False,,0,0,1
-1.00556,32,24.170917,1060,243,32,0,0,0,0,0,0,1,False,,0,0,4
-1.072531,748,24.749757,1061,164,748,0,0,0,0,0,0,1,False,,0,2,0
-1.003,30,24.83621,1062,167,30,0,0,0,0,0,0,1,False,,0,0,1
-0.181335,2219,27.516968,1063,181,2219,0,0,0,1,0,0,0,False,比赛时间结束(手动模式),0,10,3
-1.0027,27,27.60444,1064,165,27,0,0,0,0,0,0,1,False,,0,0,1
1.043614,211,27.845682,1065,164,211,0,1,1,0,0,0,0,False,,0,3,0
-0.992092,54,27.959008,1066,175,54,0,0,0,0,0,0,1,False,,0,0,1
-1.0032,32,28.050188,1067,165,32,0,0,0,0,0,0,1,False,,0,0,1
-1.001408,61,28.161155,1068,165,61,0,0,0,0,0,0,1,False,,0,0,1
-1.0102,102,28.305228,1069,152,102,0,0,0,0,0,0,1,False,,0,0,1
-1.0012,12,28.377899,1070,165,12,0,0,0,0,0,0,1,False,,0,0,1
-1.0073,73,28.498769,1071,159,73,0,0,0,0,0,0,1,False,,0,2,0
-0.223467,2237,31.198876,1072,163,2237,0,0,0,1,0,0,0,False,比赛时间结束(手动模式),0,11,3
-1.189494,1810,33.342538,1073,168,1810,0,0,0,0,0,0,1,False,,0,0,1
-1.0036,36,33.442267,1074,177,36,0,0,0,0,0,0,1,False,,0,0,1
-1.0007,7,33.514782,1075,165,7,0,0,0,0,0,0,1,False,,0,0,1
-1.0021,21,33.598999,1076,181,21,0,0,0,0,0,0,1,False,,0,0,1
-1.0071,71,33.720504,1077,177,71,0,0,0,0,0,0,1,False,,0,0,1
-0.218672,2223,36.139022,1078,177,2223,0,0,0,1,0,0,0,False,比赛时间结束(手动模式),0,11,3
-1.004541,201,37.334137,1079,170,201,0,0,0,0,0,0,1,False,,0,0,1
-1.0122,122,37.546894,1080,160,122,0,0,0,0,0,0,1,False,,0,0,1
0.0,1,38.14885,1081,-1,0,-1,0,0,0,0,0,0,False,恢复次数超限 → 停车,0,0,7
-0.984416,364,38.483801,1082,160,364,0,0,0,1,0,0,1,False,,0,0,4
-1.0133,133,38.639347,1083,149,133,0,0,0,0,0,0,1,False,,0,0,1
1.045061,197,38.862747,1084,155,197,0,1,1,0,0,0,0,False,,0,3,0
-1.0041,41,38.960362,1085,166,41,0,0,0,0,0,0,1,False,,0,0,1
-0.994917,205,39.175164,1086,156,205,0,0,0,0,0,0,1,False,,0,0,1
-1.0005,5,39.238096,1087,152,5,0,0,0,0,0,0,1,False,,0,0,1
0.0,1,39.795512,1088,-1,0,-1,0,0,0,0,0,0,False,比赛时间结束,0,0,12
0.0,1,40.085153,1089,-1,0,-1,0,0,0,0,0,0,False,恢复次数超限 → 停车,0,0,7
-1.005,50,40.185649,1090,161,50,0,0,0,0,0,0,1,False,,0,0,1
1.046199,181,40.398497,1091,176,181,0,1,1,0,0,0,0,False,,0,3,0
-1.0025,25,40.47827,1092,158,25,0,0,0,0,0,0,1,False,,0,0,1
-1.02643,603,40.999067,1093,173,603,0,0,0,1,0,0,1,False,,0,3,3
-1.004465,45,41.097626,1094,163,45,0,0,0,0,0,0,1,False,,0,0,1
-1.0058,58,42.145669,1095,165,58,0,0,0,0,0,0,1,False,,0,0,1
-1.0023,23,42.289709,1096,169,23,0,0,0,0,0,0,1,False,,0,0,1
-0.014195,837,43.000973,1097,189,837,0,0,0,2,0,0,0,False,,0,3,9
-0.250053,2237,45.553596,1098,163,2237,0,0,0,0,0,0,0,False,比赛时间结束(手动模式),0,11,0
-1.202223,1544,47.563508,1099,152,1544,0,0,0,1,0,0,1,False,,0,7,3
-1.0079,79,47.695777,1100,167,79,0,0,0,0,0,0,1,False,,0,0,1
-1.0066,66,47.805795,1101,159,66,0,0,0,0,0,0,1,False,,0,0,1
-1.0024,24,47.889269,1102,170,24,0,0,0,0,0,0,1,False,,0,0,1
-0.026199,907,48.632913,1103,167,907,0,0,0,1,0,0,0,False,,0,1,3
-1.010719,82,48.759175,1104,166,82,0,0,0,0,0,0,1,False,,0,0,1
-0.450553,155,48.946812,1105,181,155,0,0,0,0,1,1,0,False,,0,0,0
-1.00945,78,49.073975,1106,170,78,0,0,0,0,0,0,1,False,,0,2,0
-1.009376,90,49.935263,1107,161,90,0,0,0,0,0,0,1,False,,0,0,1
-0.007793,726,50.62038,1108,165,726,0,0,0,1,0,0,0,False,,0,1,3
-0.999325,208,50.839059,1109,165,208,0,0,0,0,0,0,1,False,,0,2,1
-1.0024,24,50.921198,1110,169,24,0,0,0,0,0,0,1,False,,0,0,1
-1.003173,47,51.019183,1111,172,47,0,0,0,0,0,0,1,False,,0,1,1
-1.0212,212,51.223412,1112,181,212,0,0,0,0,0,0,1,False,,0,2,0
0.027544,359,51.552377,1113,165,359,0,0,0,2,0,0,0,False,,0,2,6
-0.225775,2234,54.214867,1114,166,2234,0,0,0,0,0,0,0,False,比赛时间结束(手动模式),0,8,0
-0.169904,2237,56.792473,1115,163,2237,0,0,0,0,0,0,0,False,比赛时间结束(手动模式),0,9,0
-1.0025,25,56.877983,1116,163,25,0,0,0,0,0,0,1,False,,0,0,1
-1.073443,745,58.412572,1117,160,745,0,0,0,0,0,0,1,False,,0,6,0
-1.0033,33,58.50262,1118,166,33,0,0,0,0,0,0,1,False,,0,0,1
-0.228249,2244,61.023598,1119,156,2244,0,0,0,0,0,0,0,False,比赛时间结束(手动模式),0,2,0
-1.0026,26,61.110279,1120,165,26,0,0,0,0,0,0,1,False,,0,0,1
-1.0014,14,61.185366,1121,161,14,0,0,0,0,0,0,1,False,,0,0,1
-1.0026,26,61.269823,1122,166,26,0,0,0,0,0,0,1,False,,0,0,1
-1.0075,75,61.388391,1123,164,75,0,0,0,0,0,0,1,False,,0,0,1
-1.004,40,61.483012,1124,169,40,0,0,0,0,0,0,1,False,,0,0,1
-1.007,70,61.599129,1125,159,70,0,0,0,0,0,0,1,False,,0,0,1
-1.003661,217,61.836446,1126,170,217,0,0,0,0,0,0,1,False,,0,2,1
-1.005732,69,61.955755,1127,177,69,0,0,0,0,0,0,1,False,,0,0,1
-0.996749,110,62.103713,1128,164,110,0,0,0,0,0,0,1,False,,0,0,1
-1.007157,84,62.233447,1129,163,84,0,0,0,0,0,0,1,False,,0,0,1
-1.0004,4,62.29914,1130,159,4,0,0,0,0,0,0,1,False,,0,0,1
0.0,1,63.029746,1131,-1,0,-1,0,0,0,0,0,0,False,恢复次数超限 → 停车,0,0,7
-1.010551,106,63.180611,1132,172,106,0,0,0,0,0,0,1,False,,0,0,1
-1.0067,67,63.292385,1133,155,67,0,0,0,0,0,0,1,False,,0,0,1
1.042673,219,64.308332,1134,164,219,0,1,1,0,0,0,0,False,,0,3,0
-1.0135,135,64.56707,1135,165,135,0,0,0,0,0,0,1,False,,0,0,1
-1.0044,44,64.664387,1136,159,44,0,0,0,0,0,0,1,False,,0,0,1
-1.0109,109,64.801995,1137,165,109,0,0,0,0,0,0,1,False,,0,0,1
0.047005,172,64.99994,1138,177,172,0,0,0,1,0,0,0,False,,0,0,3
0.0,1,65.55159,1139,-1,0,-1,0,0,0,0,0,0,False,恢复次数超限 → 停车,0,0,6
-1.002463,26,65.625645,1140,166,26,0,0,0,0,0,0,1,False,,0,1,0
-0.226127,2225,68.27143,1141,175,2225,0,0,0,0,0,0,0,False,比赛时间结束(手动模式),0,4,0
-0.169494,2236,70.838094,1142,164,2236,0,0,0,0,0,0,0,False,比赛时间结束(手动模式),0,6,0
-1.004024,40,70.928367,1143,155,40,0,0,0,0,0,0,1,False,,0,0,1
-1.011673,101,71.065963,1144,164,101,0,0,0,0,0,0,1,False,,0,0,1
0.0,1,71.6811,1145,-1,0,-1,0,0,0,0,0,0,False,恢复次数超限 → 停车,0,0,6
-1.1742,1742,73.918004,1146,183,1742,0,0,0,0,0,0,1,False,,0,11,0
-1.122026,1255,74.808001,1147,156,1255,0,0,0,0,0,0,1,False,,0,0,1
