trial,value,params,block_scores,drops,recover_limit_ends,mount_t,final_scores
0,-48.0,"{""MOUNT_SPEED"": 870, ""IR_TRIGGER"": 0.7679642991664456, ""FALL_THRESHOLD"": 315, ""EDGE_THRESHOLD"": 540, ""RECOVER_LIMIT"": 2}",0,8,4,"[29.0, 29.0, 29.0, 29.0]","[[1.0, 0.0], [1.0, 0.0], [1.0, 0.0], [0.0, 0.0]]"
1,0.0,"{""MOUNT_SPEED"": 650, ""IR_TRIGGER"": 0.18775434790932966, ""FALL_THRESHOLD"": 360, ""EDGE_THRESHOLD"": 540, ""RECOVER_LIMIT"": 6}",0,0,0,[],"[[0.0, 0.0], [0.0, 0.0], [0.0, 0.0], [0.0, 0.0]]"
2,-36.0,"{""MOUNT_SPEED"": 520, ""IR_TRIGGER"": 0.7804414039052964, ""FALL_THRESHOLD"": 350, ""EDGE_THRESHOLD"": 290, ""RECOVER_LIMIT"": 2}",0,16,2,"[52.0, 52.0, 52.0, 52.0]","[[2.0, 1.0], [0.0, 0.0], [7.0, 1.0], [7.0, 1.0]]"
3,-17.0,"{""MOUNT_SPEED"": 680, ""IR_TRIGGER"": 0.3477574579236995, ""FALL_THRESHOLD"": 250, ""EDGE_THRESHOLD"": 430, ""RECOVER_LIMIT"": 3}",1,8,1,"[41.0, 41.0, 41.0, 41.0]","[[1.0, 3.0], [7.0, 4.0], [4.0, 4.0], [0.0, 6.0]]"
4,-32.0,"{""MOUNT_SPEED"": 1110, ""IR_TRIGGER"": 0.2406710094238272, ""FALL_THRESHOLD"": 170, ""EDGE_THRESHOLD"": 390, ""RECOVER_LIMIT"": 4}",0,22,1,"[20.0, 20.0, 20.0, 20.0]","[[0.0, 1.0], [0.0, 5.0], [3.0, 8.0], [0.0, 1.0]]"
5,-13.0,"{""MOUNT_SPEED"": 1290, ""IR_TRIGGER"": 0.2797879584029338, ""FALL_THRESHOLD"": 245, ""EDGE_THRESHOLD"": 540, ""RECOVER_LIMIT"": 1}",1,14,0,"[11.0, 11.0, 11.0, 11.0]","[[3.0, 1.0], [3.0, 1.0], [3.0, 1.0], [5.0, 6.0]]"
6,-63.0,"{""MOUNT_SPEED"": 1110, ""IR_TRIGGER"": 0.26084068039673947, ""FALL_THRESHOLD"": 100, ""EDGE_THRESHOLD"": 770, ""RECOVER_LIMIT"": 8}",4,67,0,"[20.0, 20.0, 20.0, 20.0]","[[5.0, 22.0], [5.0, 18.0], [5.0, 17.0], [8.0, 0.0]]"
7,-32.0,"{""MOUNT_SPEED"": 1310, ""IR_TRIGGER"": 0.347998949962691, ""FALL_THRESHOLD"": 110, ""EDGE_THRESHOLD"": 600, ""RECOVER_LIMIT"": 4}",0,32,0,"[12.0, 12.0, 12.0, 12.0]","[[2.0, 12.0], [5.0, 11.0], [0.0, 10.0], [0.0, 9.0]]"
8,-4.0,"{""MOUNT_SPEED"": 620, ""IR_TRIGGER"": 0.47186499157232564, ""FALL_THRESHOLD"": 90, ""EDGE_THRESHOLD"": 750, ""RECOVER_LIMIT"": 3}",4,8,0,"[41.0, 41.0, 41.0, 41.0]","[[4.0, 4.0], [4.0, 4.0], [4.0, 4.0], [4.0, 4.0]]"
9,-48.0,"{""MOUNT_SPEED"": 1160, ""IR_TRIGGER"": 0.3526121994581171, ""FALL_THRESHOLD"": 245, ""EDGE_THRESHOLD"": 510, ""RECOVER_LIMIT"": 2}",0,8,4,"[19.0, 19.0, 19.0, 19.0]","[[0.0, 6.0], [0.0, 6.0], [0.0, 6.0], [0.0, 6.0]]"
10,-8.0,"{""MOUNT_SPEED"": 750, ""IR_TRIGGER"": 0.5861797552643303, ""FALL_THRESHOLD"": 355, ""EDGE_THRESHOLD"": 600, ""RECOVER_LIMIT"": 8}",0,8,0,"[35.0, 35.0, 35.0, 35.0]","[[0.0, 0.0], [0.0, 4.0], [0.0, 0.0], [0.0, 0.0]]"
11,0.0,"{""MOUNT_SPEED"": 750, ""IR_TRIGGER"": 0.3016422630536888, ""FALL_THRESHOLD"": 230, ""EDGE_THRESHOLD"": 750, ""RECOVER_LIMIT"": 3}",0,0,0,"[35.0, 35.0, 35.0, 35.0]","[[0.0, 0.0], [0.0, 0.0], [0.0, 0.0], [0.0, 0.0]]"
12,4.0,"{""MOUNT_SPEED"": 710, ""IR_TRIGGER"": 0.19627517753870788, ""FALL_THRESHOLD"": 270, ""EDGE_THRESHOLD"": 700, ""RECOVER_LIMIT"": 5}",4,0,0,"[43.0, 43.0, 43.0, 43.0]","[[6.0, 3.0], [8.0, 3.0], [6.0, 3.0], [5.0, 3.0]]"
13,0.0,"{""MOUNT_SPEED"": 750, ""IR_TRIGGER"": 0.25196026826624396, ""FALL_THRESHOLD"": 290, ""EDGE_THRESHOLD"": 770, ""RECOVER_LIMIT"": 7}",0,0,0,"[35.0, 35.0, 35.0, 35.0]","[[0.0, 0.0], [0.0, 0.0], [0.0, 0.0], [0.0, 0.0]]"
14,-52.0,"{""MOUNT_SPEED"": 560, ""IR_TRIGGER"": 0.1921287104428251, ""FALL_THRESHOLD"": 340, ""EDGE_THRESHOLD"": 480, ""RECOVER_LIMIT"": 4}",0,12,4,"[52.0, 52.0, 52.0, 52.0]","[[0.0, 0.0], [0.0, 0.0], [0.0, 0.0], [0.0, 0.0]]"
15,-52.0,"{""MOUNT_SPEED"": 760, ""IR_TRIGGER"": 0.3406796355939469, ""FALL_THRESHOLD"": 270, ""EDGE_THRESHOLD"": 580, ""RECOVER_LIMIT"": 6}",0,12,4,"[35.0, 35.0, 35.0, 35.0]","[[0.0, 2.0], [0.0, 2.0], [0.0, 2.0], [0.0, 2.0]]"
16,-42.0,"{""MOUNT_SPEED"": 890, ""IR_TRIGGER"": 0.1615447551136282, ""FALL_THRESHOLD"": 325, ""EDGE_THRESHOLD"": 480, ""RECOVER_LIMIT"": 6}",2,44,0,"[25.0, 25.0, 25.0, 25.0]","[[2.0, 8.0], [4.0, 8.0], [4.0, 7.0], [3.0, 5.0]]"
17,-46.0,"{""MOUNT_SPEED"": 570, ""IR_TRIGGER"": 0.2659148059110086, ""FALL_THRESHOLD"": 400, ""EDGE_THRESHOLD"": 620, ""RECOVER_LIMIT"": 4}",0,6,4,"[51.0, 51.0, 51.0, 51.0]","[[0.0, 0.0], [0.0, 0.0], [0.0, 0.0], [0.0, 0.0]]"
18,-19.0,"{""MOUNT_SPEED"": 730, ""IR_TRIGGER"": 0.15767075336393388, ""FALL_THRESHOLD"": 400, ""EDGE_THRESHOLD"": 740, ""RECOVER_LIMIT"": 7}",2,21,0,"[36.0, 36.0, 36.0, 36.0]","[[2.0, 0.0], [5.0, 0.0], [4.0, 0.0], [5.0, 0.0]]"
19,-40.0,"{""MOUNT_SPEED"": 820, ""IR_TRIGGER"": 0.32722015034123964, ""FALL_THRESHOLD"": 365, ""EDGE_THRESHOLD"": 530, ""RECOVER_LIMIT"": 5}",2,32,1,"[27.0, 27.0, 27.0, 27.0]","[[7.0, 3.0], [1.0, 0.0], [0.0, 0.0], [4.0, 0.0]]"
20,-41.0,"{""MOUNT_SPEED"": 800, ""IR_TRIGGER"": 0.17584635255741282, ""FALL_THRESHOLD"": 345, ""EDGE_THRESHOLD"": 700, ""RECOVER_LIMIT"": 3}",1,12,3,"[31.0, 31.0, 31.0, 31.0]","[[0.0, 6.0], [0.0, 6.0], [8.0, 0.0], [0.0, 0.0]]"
21,-44.0,"{""MOUNT_SPEED"": 630, ""IR_TRIGGER"": 0.18525670630324104, ""FALL_THRESHOLD"": 220, ""EDGE_THRESHOLD"": 630, ""RECOVER_LIMIT"": 6}",0,4,4,"[42.0, 42.0, 42.0, 42.0]","[[0.0, 0.0], [0.0, 0.0], [0.0, 0.0], [0.0, 0.0]]"
22,-12.0,"{""MOUNT_SPEED"": 530, ""IR_TRIGGER"": 0.27935712725559025, ""FALL_THRESHOLD"": 190, ""EDGE_THRESHOLD"": 800, ""RECOVER_LIMIT"": 2}",0,12,0,"[51.0, 51.0, 51.0, 51.0]","[[1.0, 1.0], [1.0, 1.0], [1.0, 1.0], [1.0, 1.0]]"
23,0.0,"{""MOUNT_SPEED"": 920, ""IR_TRIGGER"": 0.1816345375289616, ""FALL_THRESHOLD"": 235, ""EDGE_THRESHOLD"": 730, ""RECOVER_LIMIT"": 6}",0,0,0,"[33.0, 33.0, 33.0, 33.0]","[[0.0, 0.0], [0.0, 0.0], [0.0, 0.0], [0.0, 0.0]]"
24,0.0,"{""MOUNT_SPEED"": 590, ""IR_TRIGGER"": 0.36955930003583937, ""FALL_THRESHOLD"": 255, ""EDGE_THRESHOLD"": 690, ""RECOVER_LIMIT"": 3}",0,0,0,[],"[[0.0, 0.0], [0.0, 0.0], [0.0, 0.0], [0.0, 0.0]]"
25,0.0,"{""MOUNT_SPEED"": 750, ""IR_TRIGGER"": 0.3961793228508447, ""FALL_THRESHOLD"": 220, ""EDGE_THRESHOLD"": 690, ""RECOVER_LIMIT"": 4}",0,0,0,"[35.0, 35.0, 35.0, 35.0]","[[0.0, 0.0], [0.0, 0.0], [0.0, 0.0], [0.0, 0.0]]"
26,-52.0,"{""MOUNT_SPEED"": 520, ""IR_TRIGGER"": 0.18061590008063932, ""FALL_THRESHOLD"": 315, ""EDGE_THRESHOLD"": 700, ""RECOVER_LIMIT"": 5}",0,12,4,"[52.0, 52.0, 52.0, 52.0]","[[1.0, 0.0], [1.0, 0.0], [1.0, 0.0], [1.0, 0.0]]"
27,-28.0,"{""MOUNT_SPEED"": 540, ""IR_TRIGGER"": 0.30242638795997734, ""FALL_THRESHOLD"": 335, ""EDGE_THRESHOLD"": 720, ""RECOVER_LIMIT"": 7}",1,29,0,"[49.0, 49.0, 49.0, 49.0]","[[5.0, 0.0], [7.0, 4.0], [1.0, 4.0], [2.0, 3.0]]"
28,0.0,"{""MOUNT_SPEED"": 720, ""IR_TRIGGER"": 0.22462893790437086, ""FALL_THRESHOLD"": 300, ""EDGE_THRESHOLD"": 530, ""RECOVER_LIMIT"": 5}",0,0,0,"[42.0, 42.0, 42.0, 42.0]","[[0.0, 0.0], [0.0, 0.0], [0.0, 0.0], [0.0, 0.0]]"
29,-6.0,"{""MOUNT_SPEED"": 680, ""IR_TRIGGER"": 0.19858021495102357, ""FALL_THRESHOLD"": 290, ""EDGE_THRESHOLD"": 630, ""RECOVER_LIMIT"": 4}",0,6,0,"[41.0, 41.0, 41.0, 41.0]","[[1.0, 3.0], [0.0, 4.0], [1.0, 3.0], [0.0, 6.0]]"
30,-52.0,"{""MOUNT_SPEED"": 950, ""IR_TRIGGER"": 0.3099361461798994, ""FALL_THRESHOLD"": 285, ""EDGE_THRESHOLD"": 750, ""RECOVER_LIMIT"": 4}",0,12,4,"[38.0, 38.0, 38.0, 38.0]","[[1.0, 4.0], [1.0, 4.0], [1.0, 4.0], [1.0, 4.0]]"
31,-8.0,"{""MOUNT_SPEED"": 750, ""IR_TRIGGER"": 0.26059048807389823, ""FALL_THRESHOLD"": 355, ""EDGE_THRESHOLD"": 710, ""RECOVER_LIMIT"": 7}",0,8,0,"[35.0, 35.0, 35.0, 35.0]","[[0.0, 0.0], [0.0, 4.0], [0.0, 0.0], [0.0, 0.0]]"
32,-12.0,"{""MOUNT_SPEED"": 910, ""IR_TRIGGER"": 0.1851471206411101, ""FALL_THRESHOLD"": 260, ""EDGE_THRESHOLD"": 780, ""RECOVER_LIMIT"": 8}",0,12,0,"[38.0, 38.0, 38.0, 38.0]","[[0.0, 2.0], [0.0, 2.0], [0.0, 3.0], [0.0, 3.0]]"
33,-39.0,"{""MOUNT_SPEED"": 660, ""IR_TRIGGER"": 0.16122826339888108, ""FALL_THRESHOLD"": 340, ""EDGE_THRESHOLD"": 790, ""RECOVER_LIMIT"": 8}",1,40,0,"[46.0, 46.0, 46.0, 46.0]","[[6.0, 6.0], [4.0, 0.0], [1.0, 0.0], [1.0, 0.0]]"
34,-14.0,"{""MOUNT_SPEED"": 770, ""IR_TRIGGER"": 0.2619779625780131, ""FALL_THRESHOLD"": 305, ""EDGE_THRESHOLD"": 730, ""RECOVER_LIMIT"": 7}",4,18,0,"[36.0, 36.0, 36.0, 36.0]","[[3.0, 5.0], [3.0, 5.0], [3.0, 5.0], [5.0, 4.0]]"
35,-52.0,"{""MOUNT_SPEED"": 810, ""IR_TRIGGER"": 0.22521995637222447, ""FALL_THRESHOLD"": 280, ""EDGE_THRESHOLD"": 760, ""RECOVER_LIMIT"": 3}",0,12,4,"[30.0, 30.0, 30.0, 30.0]","[[1.0, 1.0], [1.0, 1.0], [1.0, 1.0], [1.0, 1.0]]"
36,-52.0,"{""MOUNT_SPEED"": 810, ""IR_TRIGGER"": 0.20647638766407178, ""FALL_THRESHOLD"": 245, ""EDGE_THRESHOLD"": 800, ""RECOVER_LIMIT"": 6}",0,12,4,"[30.0, 30.0, 30.0, 30.0]","[[1.0, 1.0], [1.0, 1.0], [1.0, 1.0], [1.0, 1.0]]"
37,-46.0,"{""MOUNT_SPEED"": 670, ""IR_TRIGGER"": 0.20110172465563045, ""FALL_THRESHOLD"": 215, ""EDGE_THRESHOLD"": 800, ""RECOVER_LIMIT"": 5}",4,50,0,"[43.0, 43.0, 43.0, 43.0]","[[3.0, 9.0], [3.0, 15.0], [3.0, 9.0], [3.0, 15.0]]"
38,-8.0,"{""MOUNT_SPEED"": 620, ""IR_TRIGGER"": 0.20192178674121403, ""FALL_THRESHOLD"": 360, ""EDGE_THRESHOLD"": 660, ""RECOVER_LIMIT"": 7}",4,12,0,"[41.0, 41.0, 41.0, 41.0]","[[4.0, 0.0], [4.0, 0.0], [4.0, 0.0], [4.0, 0.0]]"
39,-8.0,"{""MOUNT_SPEED"": 900, ""IR_TRIGGER"": 0.2624950230701988, ""FALL_THRESHOLD"": 270, ""EDGE_THRESHOLD"": 720, ""RECOVER_LIMIT"": 8}",0,8,0,"[39.0, 39.0, 39.0, 39.0]","[[2.0, 0.0], [2.0, 0.0], [2.0, 0.0], [2.0, 0.0]]"
40,0.0,"{""MOUNT_SPEED"": 720, ""IR_TRIGGER"": 0.1800971471315458, ""FALL_THRESHOLD"": 335, ""EDGE_THRESHOLD"": 650, ""RECOVER_LIMIT"": 5}",0,0,0,"[42.0, 42.0, 42.0, 42.0]","[[0.0, 0.0], [0.0, 0.0], [0.0, 0.0], [0.0, 0.0]]"
41,-27.0,"{""MOUNT_SPEED"": 690, ""IR_TRIGGER"": 0.15710014007119277, ""FALL_THRESHOLD"": 365, ""EDGE_THRESHOLD"": 520, ""RECOVER_LIMIT"": 6}",4,31,0,"[40.0, 40.0, 40.0, 40.0]","[[7.0, 0.0], [4.0, 0.0], [4.0, 0.0], [4.0, 0.0]]"
42,-52.0,"{""MOUNT_SPEED"": 760, ""IR_TRIGGER"": 0.27846635488825766, ""FALL_THRESHOLD"": 170, ""EDGE_THRESHOLD"": 780, ""RECOVER_LIMIT"": 3}",0,12,4,"[35.0, 35.0, 35.0, 35.0]","[[0.0, 2.0], [0.0, 2.0], [0.0, 2.0], [0.0, 2.0]]"
43,-8.0,"{""MOUNT_SPEED"": 850, ""IR_TRIGGER"": 0.2264852239976486, ""FALL_THRESHOLD"": 240, ""EDGE_THRESHOLD"": 630, ""RECOVER_LIMIT"": 7}",0,8,0,"[24.0, 24.0, 24.0, 24.0]","[[7.0, 1.0], [3.0, 1.0], [5.0, 1.0], [3.0, 1.0]]"
44,-44.0,"{""MOUNT_SPEED"": 630, ""IR_TRIGGER"": 0.2783361720277259, ""FALL_THRESHOLD"": 295, ""EDGE_THRESHOLD"": 790, ""RECOVER_LIMIT"": 7}",0,4,4,"[42.0, 42.0, 42.0, 42.0]","[[0.0, 0.0], [0.0, 0.0], [0.0, 0.0], [0.0, 0.0]]"
45,0.0,"{""MOUNT_SPEED"": 970, ""IR_TRIGGER"": 0.2434414275239078, ""FALL_THRESHOLD"": 245, ""EDGE_THRESHOLD"": 750, ""RECOVER_LIMIT"": 6}",4,4,0,"[37.0, 37.0, 37.0, 37.0]","[[7.0, 0.0], [7.0, 0.0], [7.0, 0.0], [7.0, 0.0]]"
46,0.0,"{""MOUNT_SPEED"": 650, ""IR_TRIGGER"": 0.1584118284404758, ""FALL_THRESHOLD"": 220, ""EDGE_THRESHOLD"": 720, ""RECOVER_LIMIT"": 6}",0,0,0,[],"[[0.0, 0.0], [0.0, 0.0], [0.0, 0.0], [0.0, 0.0]]"
47,0.0,"{""MOUNT_SPEED"": 650, ""IR_TRIGGER"": 0.23053767231605587, ""FALL_THRESHOLD"": 300, ""EDGE_THRESHOLD"": 650, ""RECOVER_LIMIT"": 7}",0,0,0,[],"[[0.0, 0.0], [0.0, 0.0], [0.0, 0.0], [0.0, 0.0]]"
48,0.0,"{""MOUNT_SPEED"": 750, ""IR_TRIGGER"": 0.2357371802651942, ""FALL_THRESHOLD"": 215, ""EDGE_THRESHOLD"": 780, ""RECOVER_LIMIT"": 7}",0,0,0,"[35.0, 35.0, 35.0, 35.0]","[[0.0, 0.0], [0.0, 0.0], [0.0, 0.0], [0.0, 0.0]]"
49,-5.0,"{""MOUNT_SPEED"": 840, ""IR_TRIGGER"": 0.21296983990557955, ""FALL_THRESHOLD"": 320, ""EDGE_THRESHOLD"": 690, ""RECOVER_LIMIT"": 5}",1,6,0,"[29.0, 29.0, 29.0, 29.0]","[[5.0, 0.0], [5.0, 0.0], [3.0, 4.0], [5.0, 0.0]]"
50,-8.0,"{""MOUNT_SPEED"": 960, ""IR_TRIGGER"": 0.18546181368616077, ""FALL_THRESHOLD"": 230, ""EDGE_THRESHOLD"": 800, ""RECOVER_LIMIT"": 5}",0,8,0,"[32.0, 32.0, 32.0, 32.0]","[[2.0, 0.0], [2.0, 0.0], [2.0, 0.0], [2.0, 0.0]]"
51,-8.0,"{""MOUNT_SPEED"": 730, ""IR_TRIGGER"": 0.30543547509030944, ""FALL_THRESHOLD"": 265, ""EDGE_THRESHOLD"": 750, ""RECOVER_LIMIT"": 4}",0,8,0,"[36.0, 36.0, 36.0, 36.0]","[[1.0, 4.0], [1.0, 4.0], [1.0, 4.0], [1.0, 4.0]]"
52,-14.0,"{""MOUNT_SPEED"": 770, ""IR_TRIGGER"": 0.15155141515141757, ""FALL_THRESHOLD"": 230, ""EDGE_THRESHOLD"": 700, ""RECOVER_LIMIT"": 5}",4,18,0,"[36.0, 36.0, 36.0, 36.0]","[[3.0, 5.0], [3.0, 5.0], [3.0, 5.0], [5.0, 4.0]]"
53,0.0,"{""MOUNT_SPEED"": 720, ""IR_TRIGGER"": 0.20831580241117714, ""FALL_THRESHOLD"": 255, ""EDGE_THRESHOLD"": 650, ""RECOVER_LIMIT"": 5}",0,0,0,"[42.0, 42.0, 42.0, 42.0]","[[0.0, 0.0], [0.0, 0.0], [0.0, 0.0], [0.0, 0.0]]"
54,-52.0,"{""MOUNT_SPEED"": 940, ""IR_TRIGGER"": 0.2133004065195967, ""FALL_THRESHOLD"": 215, ""EDGE_THRESHOLD"": 780, ""RECOVER_LIMIT"": 7}",0,12,4,"[27.0, 27.0, 27.0, 27.0]","[[1.0, 0.0], [1.0, 0.0], [1.0, 0.0], [1.0, 0.0]]"
55,-20.0,"{""MOUNT_SPEED"": 840, ""IR_TRIGGER"": 0.3171498297628665, ""FALL_THRESHOLD"": 235, ""EDGE_THRESHOLD"": 770, ""RECOVER_LIMIT"": 3}",4,24,0,"[29.0, 29.0, 29.0, 29.0]","[[3.0, 4.0], [3.0, 5.0], [3.0, 4.0], [3.0, 5.0]]"
56,-42.0,"{""MOUNT_SPEED"": 890, ""IR_TRIGGER"": 0.18989805345044697, ""FALL_THRESHOLD"": 280, ""EDGE_THRESHOLD"": 780, ""RECOVER_LIMIT"": 5}",2,44,0,"[25.0, 25.0, 25.0, 25.0]","[[2.0, 8.0], [4.0, 8.0], [4.0, 7.0], [3.0, 5.0]]"
57,-4.0,"{""MOUNT_SPEED"": 620, ""IR_TRIGGER"": 0.31895545216907195, ""FALL_THRESHOLD"": 290, ""EDGE_THRESHOLD"": 680, ""RECOVER_LIMIT"": 4}",4,8,0,"[41.0, 41.0, 41.0, 41.0]","[[4.0, 4.0], [4.0, 4.0], [4.0, 4.0], [4.0, 4.0]]"
58,0.0,"{""MOUNT_SPEED"": 650, ""IR_TRIGGER"": 0.2647301269885036, ""FALL_THRESHOLD"": 220, ""EDGE_THRESHOLD"": 770, ""RECOVER_LIMIT"": 3}",0,0,0,[],"[[0.0, 0.0], [0.0, 0.0], [0.0, 0.0], [0.0, 0.0]]"
59,-4.0,"{""MOUNT_SPEED"": 620, ""IR_TRIGGER"": 0.2686144302930742, ""FALL_THRESHOLD"": 230, ""EDGE_THRESHOLD"": 680, ""RECOVER_LIMIT"": 6}",4,8,0,"[41.0, 41.0, 41.0, 41.0]","[[4.0, 4.0], [4.0, 4.0], [4.0, 4.0], [4.0, 4.0]]"
60,-48.0,"{""MOUNT_SPEED"": 870, ""IR_TRIGGER"": 0.24317339119625456, ""FALL_THRESHOLD"": 275, ""EDGE_THRESHOLD"": 680, ""RECOVER_LIMIT"": 6}",0,8,4,"[29.0, 29.0, 29.0, 29.0]","[[1.0, 0.0], [1.0, 0.0], [1.0, 0.0], [0.0, 0.0]]"
61,-48.0,"{""MOUNT_SPEED"": 640, ""IR_TRIGGER"": 0.3073188016971892, ""FALL_THRESHOLD"": 220, ""EDGE_THRESHOLD"": 700, ""RECOVER_LIMIT"": 3}",0,8,4,"[41.0, 41.0, 41.0, 41.0]","[[0.0, 1.0], [0.0, 1.0], [0.0, 1.0], [0.0, 1.0]]"
62,-20.0,"{""MOUNT_SPEED"": 790, ""IR_TRIGGER"": 0.1688619946488774, ""FALL_THRESHOLD"": 270, ""EDGE_THRESHOLD"": 690, ""RECOVER_LIMIT"": 7}",0,20,0,"[30.0, 30.0, 30.0, 30.0]","[[1.0, 8.0], [0.0, 8.0], [1.0, 7.0], [0.0, 7.0]]"
63,-52.0,"{""MOUNT_SPEED"": 820, ""IR_TRIGGER"": 0.350979993721162, ""FALL_THRESHOLD"": 210, ""EDGE_THRESHOLD"": 740, ""RECOVER_LIMIT"": 3}",4,26,3,"[27.0, 27.0, 27.0, 27.0]","[[7.0, 3.0], [4.0, 3.0], [4.0, 3.0], [4.0, 3.0]]"
64,-48.0,"{""MOUNT_SPEED"": 830, ""IR_TRIGGER"": 0.15514214044006183, ""FALL_THRESHOLD"": 270, ""EDGE_THRESHOLD"": 730, ""RECOVER_LIMIT"": 5}",0,8,4,"[27.0, 27.0, 27.0, 27.0]","[[1.0, 1.0], [1.0, 1.0], [1.0, 1.0], [1.0, 1.0]]"
65,0.0,"{""MOUNT_SPEED"": 720, ""IR_TRIGGER"": 0.15521742203758826, ""FALL_THRESHOLD"": 265, ""EDGE_THRESHOLD"": 680, ""RECOVER_LIMIT"": 5}",0,0,0,"[42.0, 42.0, 42.0, 42.0]","[[0.0, 0.0], [0.0, 0.0], [0.0, 0.0], [0.0, 0.0]]"
66,-8.0,"{""MOUNT_SPEED"": 730, ""IR_TRIGGER"": 0.26569371164866007, ""FALL_THRESHOLD"": 270, ""EDGE_THRESHOLD"": 790, ""RECOVER_LIMIT"": 6}",0,8,0,"[36.0, 36.0, 36.0, 36.0]","[[1.0, 4.0], [1.0, 4.0], [1.0, 4.0], [1.0, 4.0]]"
67,-26.0,"{""MOUNT_SPEED"": 700, ""IR_TRIGGER"": 0.3643274241465562, ""FALL_THRESHOLD"": 250, ""EDGE_THRESHOLD"": 690, ""RECOVER_LIMIT"": 4}",2,28,0,"[47.0, 47.0, 47.0, 47.0]","[[0.0, 3.0], [3.0, 8.0], [3.0, 8.0], [0.0, 2.0]]"
68,-41.0,"{""MOUNT_SPEED"": 690, ""IR_TRIGGER"": 0.20198393983459206, ""FALL_THRESHOLD"": 295, ""EDGE_THRESHOLD"": 750, ""RECOVER_LIMIT"": 7}",4,45,0,"[40.0, 40.0, 40.0, 40.0]","[[10.0, 9.0], [4.0, 5.0], [3.0, 9.0], [3.0, 9.0]]"
69,-51.0,"{""MOUNT_SPEED"": 690, ""IR_TRIGGER"": 0.26485334862440046, ""FALL_THRESHOLD"": 280, ""EDGE_THRESHOLD"": 740, ""RECOVER_LIMIT"": 5}",4,45,1,"[40.0, 40.0, 40.0, 40.0]","[[10.0, 9.0], [4.0, 5.0], [3.0, 9.0], [3.0, 9.0]]"
70,-37.0,"{""MOUNT_SPEED"": 660, ""IR_TRIGGER"": 0.20917510954688665, ""FALL_THRESHOLD"": 235, ""EDGE_THRESHOLD"": 680, ""RECOVER_LIMIT"": 6}",1,38,0,"[46.0, 46.0, 46.0, 46.0]","[[6.0, 6.0], [1.0, 8.0], [9.0, 7.0], [0.0, 9.0]]"
71,-4.0,"{""MOUNT_SPEED"": 620, ""IR_TRIGGER"": 0.2171576583422082, ""FALL_THRESHOLD"": 285, ""EDGE_THRESHOLD"": 670, ""RECOVER_LIMIT"": 6}",4,8,0,"[41.0, 41.0, 41.0, 41.0]","[[4.0, 4.0], [4.0, 4.0], [4.0, 4.0], [4.0, 4.0]]"
72,-8.0,"{""MOUNT_SPEED"": 730, ""IR_TRIGGER"": 0.3694802547183574, ""FALL_THRESHOLD"": 230, ""EDGE_THRESHOLD"": 750, ""RECOVER_LIMIT"": 4}",0,8,0,"[36.0, 36.0, 36.0, 36.0]","[[1.0, 4.0], [1.0, 4.0], [1.0, 4.0], [1.0, 4.0]]"
73,-41.0,"{""MOUNT_SPEED"": 690, ""IR_TRIGGER"": 0.23427361092444737, ""FALL_THRESHOLD"": 305, ""EDGE_THRESHOLD"": 800, ""RECOVER_LIMIT"": 8}",4,45,0,"[40.0, 40.0, 40.0, 40.0]","[[10.0, 9.0], [4.0, 5.0], [3.0, 9.0], [3.0, 9.0]]"
74,-48.0,"{""MOUNT_SPEED"": 870, ""IR_TRIGGER"": 0.18084268719777094, ""FALL_THRESHOLD"": 245, ""EDGE_THRESHOLD"": 750, ""RECOVER_LIMIT"": 7}",0,8,4,"[29.0, 29.0, 29.0, 29.0]","[[1.0, 0.0], [1.0, 0.0], [1.0, 0.0], [0.0, 0.0]]"
75,-52.0,"{""MOUNT_SPEED"": 760, ""IR_TRIGGER"": 0.24890780154165865, ""FALL_THRESHOLD"": 290, ""EDGE_THRESHOLD"": 690, ""RECOVER_LIMIT"": 6}",0,12,4,"[35.0, 35.0, 35.0, 35.0]","[[0.0, 2.0], [0.0, 2.0], [0.0, 2.0], [0.0, 2.0]]"
76,0.0,"{""MOUNT_SPEED"": 720, ""IR_TRIGGER"": 0.19877671254207102, ""FALL_THRESHOLD"": 320, ""EDGE_THRESHOLD"": 740, ""RECOVER_LIMIT"": 6}",0,0,0,"[42.0, 42.0, 42.0, 42.0]","[[0.0, 0.0], [0.0, 0.0], [0.0, 0.0], [0.0, 0.0]]"
77,-26.0,"{""MOUNT_SPEED"": 700, ""IR_TRIGGER"": 0.3451921655806642, ""FALL_THRESHOLD"": 260, ""EDGE_THRESHOLD"": 740, ""RECOVER_LIMIT"": 3}",2,28,0,"[47.0, 47.0, 47.0, 47.0]","[[0.0, 3.0], [3.0, 8.0], [3.0, 8.0], [0.0, 2.0]]"
78,-35.0,"{""MOUNT_SPEED"": 660, ""IR_TRIGGER"": 0.30610846586155777, ""FALL_THRESHOLD"": 245, ""EDGE_THRESHOLD"": 720, ""RECOVER_LIMIT"": 2}",1,36,0,"[46.0, 46.0, 46.0, 46.0]","[[6.0, 6.0], [2.0, 8.0], [9.0, 7.0], [0.0, 9.0]]"
79,-8.0,"{""MOUNT_SPEED"": 730, ""IR_TRIGGER"": 0.18588003558296712, ""FALL_THRESHOLD"": 305, ""EDGE_THRESHOLD"": 790, ""RECOVER_LIMIT"": 6}",0,8,0,"[36.0, 36.0, 36.0, 36.0]","[[1.0, 4.0], [1.0, 4.0], [1.0, 4.0], [1.0, 4.0]]"
80,4.0,"{""MOUNT_SPEED"": 710, ""IR_TRIGGER"": 0.2317854961744874, ""FALL_THRESHOLD"": 280, ""EDGE_THRESHOLD"": 690, ""RECOVER_LIMIT"": 5}",4,0,0,"[43.0, 43.0, 43.0, 43.0]","[[6.0, 3.0], [8.0, 3.0], [6.0, 3.0], [5.0, 3.0]]"
81,4.0,"{""MOUNT_SPEED"": 710, ""IR_TRIGGER"": 0.20418964670736758, ""FALL_THRESHOLD"": 275, ""EDGE_THRESHOLD"": 700, ""RECOVER_LIMIT"": 4}",4,0,0,"[43.0, 43.0, 43.0, 43.0]","[[6.0, 3.0], [8.0, 3.0], [6.0, 3.0], [5.0, 3.0]]"
82,0.0,"{""MOUNT_SPEED"": 650, ""IR_TRIGGER"": 0.18708831279243837, ""FALL_THRESHOLD"": 285, ""EDGE_THRESHOLD"": 710, ""RECOVER_LIMIT"": 5}",0,0,0,[],"[[0.0, 0.0], [0.0, 0.0], [0.0, 0.0], [0.0, 0.0]]"
83,4.0,"{""MOUNT_SPEED"": 710, ""IR_TRIGGER"": 0.25566967402625784, ""FALL_THRESHOLD"": 275, ""EDGE_THRESHOLD"": 730, ""RECOVER_LIMIT"": 4}",4,0,0,"[43.0, 43.0, 43.0, 43.0]","[[6.0, 3.0], [8.0, 3.0], [6.0, 3.0], [5.0, 3.0]]"
84,-24.0,"{""MOUNT_SPEED"": 700, ""IR_TRIGGER"": 0.25141698362415393, ""FALL_THRESHOLD"": 290, ""EDGE_THRESHOLD"": 670, ""RECOVER_LIMIT"": 4}",3,27,0,"[47.0, 47.0, 47.0, 47.0]","[[4.0, 0.0], [3.0, 8.0], [3.0, 8.0], [0.0, 2.0]]"
85,-6.0,"{""MOUNT_SPEED"": 680, ""IR_TRIGGER"": 0.16059163884167946, ""FALL_THRESHOLD"": 255, ""EDGE_THRESHOLD"": 690, ""RECOVER_LIMIT"": 4}",0,6,0,"[41.0, 41.0, 41.0, 41.0]","[[1.0, 3.0], [0.0, 4.0], [1.0, 3.0], [0.0, 6.0]]"
86,-51.0,"{""MOUNT_SPEED"": 690, ""IR_TRIGGER"": 0.20779988626173418, ""FALL_THRESHOLD"": 270, ""EDGE_THRESHOLD"": 780, ""RECOVER_LIMIT"": 5}",4,45,1,"[40.0, 40.0, 40.0, 40.0]","[[10.0, 9.0], [4.0, 5.0], [3.0, 9.0], [3.0, 9.0]]"
87,-48.0,"{""MOUNT_SPEED"": 640, ""IR_TRIGGER"": 0.2305115868451375, ""FALL_THRESHOLD"": 265, ""EDGE_THRESHOLD"": 690, ""RECOVER_LIMIT"": 4}",0,8,4,"[41.0, 41.0, 41.0, 41.0]","[[0.0, 1.0], [0.0, 1.0], [0.0, 1.0], [0.0, 1.0]]"
88,-46.0,"{""MOUNT_SPEED"": 670, ""IR_TRIGGER"": 0.2083376349402326, ""FALL_THRESHOLD"": 265, ""EDGE_THRESHOLD"": 730, ""RECOVER_LIMIT"": 6}",4,50,0,"[43.0, 43.0, 43.0, 43.0]","[[3.0, 9.0], [3.0, 15.0], [3.0, 9.0], [3.0, 15.0]]"
89,-14.0,"{""MOUNT_SPEED"": 770, ""IR_TRIGGER"": 0.2052752935877565, ""FALL_THRESHOLD"": 275, ""EDGE_THRESHOLD"": 710, ""RECOVER_LIMIT"": 5}",4,18,0,"[36.0, 36.0, 36.0, 36.0]","[[3.0, 5.0], [3.0, 5.0], [3.0, 5.0], [5.0, 4.0]]"
90,4.0,"{""MOUNT_SPEED"": 740, ""IR_TRIGGER"": 0.21312506953419577, ""FALL_THRESHOLD"": 300, ""EDGE_THRESHOLD"": 770, ""RECOVER_LIMIT"": 5}",4,0,0,"[34.0, 34.0, 34.0, 34.0]","[[8.0, 0.0], [6.0, 0.0], [8.0, 0.0], [3.0, 0.0]]"
91,-46.0,"{""MOUNT_SPEED"": 670, ""IR_TRIGGER"": 0.26154489812631687, ""FALL_THRESHOLD"": 290, ""EDGE_THRESHOLD"": 680, ""RECOVER_LIMIT"": 5}",4,50,0,"[43.0, 43.0, 43.0, 43.0]","[[3.0, 9.0], [3.0, 15.0], [3.0, 9.0], [3.0, 15.0]]"
92,-20.0,"{""MOUNT_SPEED"": 790, ""IR_TRIGGER"": 0.22939263636709215, ""FALL_THRESHOLD"": 270, ""EDGE_THRESHOLD"": 770, ""RECOVER_LIMIT"": 5}",0,20,0,"[30.0, 30.0, 30.0, 30.0]","[[1.0, 8.0], [0.0, 8.0], [1.0, 7.0], [0.0, 7.0]]"
93,-52.0,"{""MOUNT_SPEED"": 760, ""IR_TRIGGER"": 0.22842546076277365, ""FALL_THRESHOLD"": 250, ""EDGE_THRESHOLD"": 690, ""RECOVER_LIMIT"": 5}",0,12,4,"[35.0, 35.0, 35.0, 35.0]","[[0.0, 2.0], [0.0, 2.0], [0.0, 2.0], [0.0, 2.0]]"
94,-4.0,"{""MOUNT_SPEED"": 620, ""IR_TRIGGER"": 0.25538947064011974, ""FALL_THRESHOLD"": 280, ""EDGE_THRESHOLD"": 740, ""RECOVER_LIMIT"": 4}",4,8,0,"[41.0, 41.0, 41.0, 41.0]","[[4.0, 4.0], [4.0, 4.0], [4.0, 4.0], [4.0, 4.0]]"
95,-4.0,"{""MOUNT_SPEED"": 780, ""IR_TRIGGER"": 0.2690991151350116, ""FALL_THRESHOLD"": 265, ""EDGE_THRESHOLD"": 710, ""RECOVER_LIMIT"": 4}",4,8,0,"[30.0, 30.0, 30.0, 30.0]","[[3.0, 4.0], [3.0, 4.0], [3.0, 4.0], [3.0, 4.0]]"
96,0.0,"{""MOUNT_SPEED"": 650, ""IR_TRIGGER"": 0.2474312211525747, ""FALL_THRESHOLD"": 255, ""EDGE_THRESHOLD"": 740, ""RECOVER_LIMIT"": 4}",0,0,0,[],"[[0.0, 0.0], [0.0, 0.0], [0.0, 0.0], [0.0, 0.0]]"
97,-6.0,"{""MOUNT_SPEED"": 680, ""IR_TRIGGER"": 0.20648288389597702, ""FALL_THRESHOLD"": 260, ""EDGE_THRESHOLD"": 710, ""RECOVER_LIMIT"": 5}",0,6,0,"[41.0, 41.0, 41.0, 41.0]","[[1.0, 3.0], [0.0, 4.0], [1.0, 3.0], [0.0, 6.0]]"
98,-6.0,"{""MOUNT_SPEED"": 680, ""IR_TRIGGER"": 0.24024844095977305, ""FALL_THRESHOLD"": 315, ""EDGE_THRESHOLD"": 690, ""RECOVER_LIMIT"": 4}",0,6,0,"[41.0, 41.0, 41.0, 41.0]","[[1.0, 3.0], [0.0, 4.0], [1.0, 3.0], [0.0, 6.0]]"
99,-20.0,"{""MOUNT_SPEED"": 790, ""IR_TRIGGER"": 0.25867192937225436, ""FALL_THRESHOLD"": 275, ""EDGE_THRESHOLD"": 660, ""RECOVER_LIMIT"": 5}",0,20,0,"[30.0, 30.0, 30.0, 30.0]","[[1.0, 8.0], [0.0, 8.0], [1.0, 7.0], [0.0, 7.0]]"
100,-4.0,"{""MOUNT_SPEED"": 780, ""IR_TRIGGER"": 0.21592507906865646, ""FALL_THRESHOLD"": 280, ""EDGE_THRESHOLD"": 780, ""RECOVER_LIMIT"": 6}",4,8,0,"[30.0, 30.0, 30.0, 30.0]","[[3.0, 4.0], [3.0, 4.0], [3.0, 4.0], [3.0, 4.0]]"
101,-10.0,"{""MOUNT_SPEED"": 730, ""IR_TRIGGER"": 0.2081078254161445, ""FALL_THRESHOLD"": 345, ""EDGE_THRESHOLD"": 740, ""RECOVER_LIMIT"": 5}",2,12,0,"[36.0, 36.0, 36.0, 36.0]","[[1.0, 4.0], [4.0, 0.0], [1.0, 4.0], [5.0, 0.0]]"
102,-56.0,"{""MOUNT_SPEED"": 800, ""IR_TRIGGER"": 0.20392471006734833, ""FALL_THRESHOLD"": 260, ""EDGE_THRESHOLD"": 760, ""RECOVER_LIMIT"": 4}",0,16,4,"[31.0, 31.0, 31.0, 31.0]","[[0.0, 7.0], [0.0, 6.0], [0.0, 6.0], [0.0, 6.0]]"
103,-48.0,"{""MOUNT_SPEED"": 610, ""IR_TRIGGER"": 0.2148989407700564, ""FALL_THRESHOLD"": 260, ""EDGE_THRESHOLD"": 740, ""RECOVER_LIMIT"": 5}",0,8,4,"[48.0, 48.0, 48.0, 48.0]","[[1.0, 0.0], [1.0, 0.0], [1.0, 0.0], [1.0, 0.0]]"
104,0.0,"{""MOUNT_SPEED"": 750, ""IR_TRIGGER"": 0.19789715373614136, ""FALL_THRESHOLD"": 250, ""EDGE_THRESHOLD"": 700, ""RECOVER_LIMIT"": 4}",0,0,0,"[35.0, 35.0, 35.0, 35.0]","[[0.0, 0.0], [0.0, 0.0], [0.0, 0.0], [0.0, 0.0]]"
105,-8.0,"{""MOUNT_SPEED"": 730, ""IR_TRIGGER"": 0.2519811804842212, ""FALL_THRESHOLD"": 255, ""EDGE_THRESHOLD"": 780, ""RECOVER_LIMIT"": 4}",0,8,0,"[36.0, 36.0, 36.0, 36.0]","[[1.0, 4.0], [1.0, 4.0], [1.0, 4.0], [1.0, 4.0]]"
106,-4.0,"{""MOUNT_SPEED"": 780, ""IR_TRIGGER"": 0.21468878271770797, ""FALL_THRESHOLD"": 275, ""EDGE_THRESHOLD"": 630, ""RECOVER_LIMIT"": 5}",4,8,0,"[30.0, 30.0, 30.0, 30.0]","[[3.0, 4.0], [3.0, 4.0], [3.0, 4.0], [3.0, 4.0]]"
107,0.0,"{""MOUNT_SPEED"": 720, ""IR_TRIGGER"": 0.2165781675351008, ""FALL_THRESHOLD"": 285, ""EDGE_THRESHOLD"": 740, ""RECOVER_LIMIT"": 6}",0,0,0,"[42.0, 42.0, 42.0, 42.0]","[[0.0, 0.0], [0.0, 0.0], [0.0, 0.0], [0.0, 0.0]]"
108,4.0,"{""MOUNT_SPEED"": 710, ""IR_TRIGGER"": 0.23119897578130089, ""FALL_THRESHOLD"": 270, ""EDGE_THRESHOLD"": 620, ""RECOVER_LIMIT"": 5}",4,0,0,"[43.0, 43.0, 43.0, 43.0]","[[6.0, 3.0], [8.0, 3.0], [6.0, 3.0], [5.0, 3.0]]"
109,0.0,"{""MOUNT_SPEED"": 750, ""IR_TRIGGER"": 0.20984596839472808, ""FALL_THRESHOLD"": 250, ""EDGE_THRESHOLD"": 690, ""RECOVER_LIMIT"": 6}",0,0,0,"[35.0, 35.0, 35.0, 35.0]","[[0.0, 0.0], [0.0, 0.0], [0.0, 0.0], [0.0, 0.0]]"
110,4.0,"{""MOUNT_SPEED"": 710, ""IR_TRIGGER"": 0.18114590826020102, ""FALL_THRESHOLD"": 265, ""EDGE_THRESHOLD"": 760, ""RECOVER_LIMIT"": 4}",4,0,0,"[43.0, 43.0, 43.0, 43.0]","[[6.0, 3.0], [8.0, 3.0], [6.0, 3.0], [5.0, 3.0]]"
111,-8.0,"{""MOUNT_SPEED"": 730, ""IR_TRIGGER"": 0.21054238508234455, ""FALL_THRESHOLD"": 300, ""EDGE_THRESHOLD"": 770, ""RECOVER_LIMIT"": 4}",0,8,0,"[36.0, 36.0, 36.0, 36.0]","[[1.0, 4.0], [1.0, 4.0], [1.0, 4.0], [1.0, 4.0]]"
112,-24.0,"{""MOUNT_SPEED"": 700, ""IR_TRIGGER"": 0.20152781914504342, ""FALL_THRESHOLD"": 290, ""EDGE_THRESHOLD"": 660, ""RECOVER_LIMIT"": 5}",3,27,0,"[47.0, 47.0, 47.0, 47.0]","[[4.0, 0.0], [3.0, 8.0], [3.0, 8.0], [0.0, 2.0]]"
113,-52.0,"{""MOUNT_SPEED"": 760, ""IR_TRIGGER"": 0.23229679462967706, ""FALL_THRESHOLD"": 305, ""EDGE_THRESHOLD"": 730, ""RECOVER_LIMIT"": 5}",0,12,4,"[35.0, 35.0, 35.0, 35.0]","[[0.0, 2.0], [0.0, 2.0], [0.0, 2.0], [0.0, 2.0]]"
114,-44.0,"{""MOUNT_SPEED"": 630, ""IR_TRIGGER"": 0.1840429961939093, ""FALL_THRESHOLD"": 270, ""EDGE_THRESHOLD"": 750, ""RECOVER_LIMIT"": 5}",0,4,4,"[42.0, 42.0, 42.0, 42.0]","[[0.0, 0.0], [0.0, 0.0], [0.0, 0.0], [0.0, 0.0]]"
115,-24.0,"{""MOUNT_SPEED"": 700, ""IR_TRIGGER"": 0.23752151389286957, ""FALL_THRESHOLD"": 270, ""EDGE_THRESHOLD"": 620, ""RECOVER_LIMIT"": 5}",3,27,0,"[47.0, 47.0, 47.0, 47.0]","[[4.0, 0.0], [3.0, 8.0], [3.0, 8.0], [0.0, 2.0]]"
116,4.0,"{""MOUNT_SPEED"": 710, ""IR_TRIGGER"": 0.2706491014431815, ""FALL_THRESHOLD"": 280, ""EDGE_THRESHOLD"": 720, ""RECOVER_LIMIT"": 4}",4,0,0,"[43.0, 43.0, 43.0, 43.0]","[[6.0, 3.0], [8.0, 3.0], [6.0, 3.0], [5.0, 3.0]]"
117,-60.0,"{""MOUNT_SPEED"": 690, ""IR_TRIGGER"": 0.18674155184189137, ""FALL_THRESHOLD"": 275, ""EDGE_THRESHOLD"": 730, ""RECOVER_LIMIT"": 4}",4,54,1,"[40.0, 40.0, 40.0, 40.0]","[[4.0, 8.0], [4.0, 12.0], [3.0, 9.0], [3.0, 9.0]]"
118,4.0,"{""MOUNT_SPEED"": 710, ""IR_TRIGGER"": 0.25323049721471824, ""FALL_THRESHOLD"": 300, ""EDGE_THRESHOLD"": 720, ""RECOVER_LIMIT"": 5}",4,0,0,"[43.0, 43.0, 43.0, 43.0]","[[6.0, 3.0], [8.0, 3.0], [6.0, 3.0], [5.0, 3.0]]"
119,4.0,"{""MOUNT_SPEED"": 710, ""IR_TRIGGER"": 0.2648239089355016, ""FALL_THRESHOLD"": 260, ""EDGE_THRESHOLD"": 690, ""RECOVER_LIMIT"": 4}",4,0,0,"[43.0, 43.0, 43.0, 43.0]","[[6.0, 3.0], [8.0, 3.0], [6.0, 3.0], [5.0, 3.0]]"
120,-6.0,"{""MOUNT_SPEED"": 680, ""IR_TRIGGER"": 0.2409188103816169, ""FALL_THRESHOLD"": 250, ""EDGE_THRESHOLD"": 730, ""RECOVER_LIMIT"": 5}",0,6,0,"[41.0, 41.0, 41.0, 41.0]","[[1.0, 3.0], [0.0, 4.0], [1.0, 3.0], [0.0, 6.0]]"
121,0.0,"{""MOUNT_SPEED"": 720, ""IR_TRIGGER"": 0.2891462824848645, ""FALL_THRESHOLD"": 295, ""EDGE_THRESHOLD"": 720, ""RECOVER_LIMIT"": 5}",0,0,0,"[42.0, 42.0, 42.0, 42.0]","[[0.0, 0.0], [0.0, 0.0], [0.0, 0.0], [0.0, 0.0]]"
122,-24.0,"{""MOUNT_SPEED"": 700, ""IR_TRIGGER"": 0.24560984412856565, ""FALL_THRESHOLD"": 265, ""EDGE_THRESHOLD"": 680, ""RECOVER_LIMIT"": 5}",3,27,0,"[47.0, 47.0, 47.0, 47.0]","[[4.0, 0.0], [3.0, 8.0], [3.0, 8.0], [0.0, 2.0]]"
123,-8.0,"{""MOUNT_SPEED"": 730, ""IR_TRIGGER"": 0.20164067579525102, ""FALL_THRESHOLD"": 295, ""EDGE_THRESHOLD"": 740, ""RECOVER_LIMIT"": 5}",0,8,0,"[36.0, 36.0, 36.0, 36.0]","[[1.0, 4.0], [1.0, 4.0], [1.0, 4.0], [1.0, 4.0]]"
124,-8.0,"{""MOUNT_SPEED"": 730, ""IR_TRIGGER"": 0.18158809548912352, ""FALL_THRESHOLD"": 260, ""EDGE_THRESHOLD"": 770, ""RECOVER_LIMIT"": 4}",0,8,0,"[36.0, 36.0, 36.0, 36.0]","[[1.0, 4.0], [1.0, 4.0], [1.0, 4.0], [1.0, 4.0]]"
125,4.0,"{""MOUNT_SPEED"": 710, ""IR_TRIGGER"": 0.2824978063972247, ""FALL_THRESHOLD"": 260, ""EDGE_THRESHOLD"": 760, ""RECOVER_LIMIT"": 3}",4,0,0,"[43.0, 43.0, 43.0, 43.0]","[[6.0, 3.0], [8.0, 3.0], [6.0, 3.0], [5.0, 3.0]]"
126,4.0,"{""MOUNT_SPEED"": 710, ""IR_TRIGGER"": 0.18036095244183356, ""FALL_THRESHOLD"": 290, ""EDGE_THRESHOLD"": 780, ""RECOVER_LIMIT"": 5}",4,0,0,"[43.0, 43.0, 43.0, 43.0]","[[6.0, 3.0], [8.0, 3.0], [6.0, 3.0], [5.0, 3.0]]"
127,-39.0,"{""MOUNT_SPEED"": 660, ""IR_TRIGGER"": 0.1919109606758993, ""FALL_THRESHOLD"": 310, ""EDGE_THRESHOLD"": 780, ""RECOVER_LIMIT"": 5}",0,39,0,"[46.0, 46.0, 46.0, 46.0]","[[6.0, 6.0], [1.0, 8.0], [1.0, 0.0], [0.0, 9.0]]"
128,4.0,"{""MOUNT_SPEED"": 710, ""IR_TRIGGER"": 0.22733004892563216, ""FALL_THRESHOLD"": 265, ""EDGE_THRESHOLD"": 730, ""RECOVER_LIMIT"": 4}",4,0,0,"[43.0, 43.0, 43.0, 43.0]","[[6.0, 3.0], [8.0, 3.0], [6.0, 3.0], [5.0, 3.0]]"
129,-8.0,"{""MOUNT_SPEED"": 730, ""IR_TRIGGER"": 0.2136210839658832, ""FALL_THRESHOLD"": 275, ""EDGE_THRESHOLD"": 660, ""RECOVER_LIMIT"": 4}",0,8,0,"[36.0, 36.0, 36.0, 36.0]","[[1.0, 4.0], [1.0, 4.0], [1.0, 4.0], [1.0, 4.0]]"
130,-60.0,"{""MOUNT_SPEED"": 690, ""IR_TRIGGER"": 0.15076114923789247, ""FALL_THRESHOLD"": 270, ""EDGE_THRESHOLD"": 750, ""RECOVER_LIMIT"": 5}",4,54,1,"[40.0, 40.0, 40.0, 40.0]","[[4.0, 8.0], [4.0, 12.0], [3.0, 9.0], [3.0, 9.0]]"
131,4.0,"{""MOUNT_SPEED"": 710, ""IR_TRIGGER"": 0.2332880903488387, ""FALL_THRESHOLD"": 305, ""EDGE_THRESHOLD"": 780, ""RECOVER_LIMIT"": 5}",4,0,0,"[43.0, 43.0, 43.0, 43.0]","[[6.0, 3.0], [8.0, 3.0], [6.0, 3.0], [5.0, 3.0]]"
132,-7.0,"{""MOUNT_SPEED"": 780, ""IR_TRIGGER"": 0.2793163681457266, ""FALL_THRESHOLD"": 310, ""EDGE_THRESHOLD"": 750, ""RECOVER_LIMIT"": 5}",4,11,0,"[30.0, 30.0, 30.0, 30.0]","[[3.0, 4.0], [3.0, 4.0], [3.0, 4.0], [4.0, 0.0]]"
133,-8.0,"{""MOUNT_SPEED"": 730, ""IR_TRIGGER"": 0.26651115673280035, ""FALL_THRESHOLD"": 285, ""EDGE_THRESHOLD"": 730, ""RECOVER_LIMIT"": 4}",0,8,0,"[36.0, 36.0, 36.0, 36.0]","[[1.0, 4.0], [1.0, 4.0], [1.0, 4.0], [1.0, 4.0]]"
134,0.0,"{""MOUNT_SPEED"": 720, ""IR_TRIGGER"": 0.2857514164309841, ""FALL_THRESHOLD"": 275, ""EDGE_THRESHOLD"": 780, ""RECOVER_LIMIT"": 5}",0,0,0,"[42.0, 42.0, 42.0, 42.0]","[[0.0, 0.0], [0.0, 0.0], [0.0, 0.0], [0.0, 0.0]]"
135,0.0,"{""MOUNT_SPEED"": 750, ""IR_TRIGGER"": 0.20468252748219126, ""FALL_THRESHOLD"": 310, ""EDGE_THRESHOLD"": 780, ""RECOVER_LIMIT"": 5}",0,0,0,"[35.0, 35.0, 35.0, 35.0]","[[0.0, 0.0], [0.0, 0.0], [0.0, 0.0], [0.0, 0.0]]"
136,-39.0,"{""MOUNT_SPEED"": 660, ""IR_TRIGGER"": 0.23676468695827968, ""FALL_THRESHOLD"": 305, ""EDGE_THRESHOLD"": 800, ""RECOVER_LIMIT"": 5}",0,39,0,"[46.0, 46.0, 46.0, 46.0]","[[6.0, 6.0], [1.0, 8.0], [1.0, 0.0], [0.0, 9.0]]"
137,-37.0,"{""MOUNT_SPEED"": 660, ""IR_TRIGGER"": 0.18794478949094875, ""FALL_THRESHOLD"": 270, ""EDGE_THRESHOLD"": 670, ""RECOVER_LIMIT"": 4}",1,38,0,"[46.0, 46.0, 46.0, 46.0]","[[6.0, 6.0], [1.0, 8.0], [9.0, 7.0], [0.0, 9.0]]"
138,-4.0,"{""MOUNT_SPEED"": 780, ""IR_TRIGGER"": 0.1786380177043057, ""FALL_THRESHOLD"": 270, ""EDGE_THRESHOLD"": 710, ""RECOVER_LIMIT"": 4}",4,8,0,"[30.0, 30.0, 30.0, 30.0]","[[3.0, 4.0], [3.0, 4.0], [3.0, 4.0], [3.0, 4.0]]"
139,-24.0,"{""MOUNT_SPEED"": 700, ""IR_TRIGGER"": 0.23903189272293726, ""FALL_THRESHOLD"": 295, ""EDGE_THRESHOLD"": 740, ""RECOVER_LIMIT"": 4}",3,27,0,"[47.0, 47.0, 47.0, 47.0]","[[4.0, 0.0], [3.0, 8.0], [3.0, 8.0], [0.0, 2.0]]"
140,0.0,"{""MOUNT_SPEED"": 720, ""IR_TRIGGER"": 0.16675896877446694, ""FALL_THRESHOLD"": 295, ""EDGE_THRESHOLD"": 780, ""RECOVER_LIMIT"": 5}",0,0,0,"[42.0, 42.0, 42.0, 42.0]","[[0.0, 0.0], [0.0, 0.0], [0.0, 0.0], [0.0, 0.0]]"
141,-37.0,"{""MOUNT_SPEED"": 660, ""IR_TRIGGER"": 0.18666747566913972, ""FALL_THRESHOLD"": 290, ""EDGE_THRESHOLD"": 760, ""RECOVER_LIMIT"": 4}",1,38,0,"[46.0, 46.0, 46.0, 46.0]","[[6.0, 6.0], [1.0, 8.0], [9.0, 7.0], [0.0, 9.0]]"
142,-51.0,"{""MOUNT_SPEED"": 690, ""IR_TRIGGER"": 0.30372528471676474, ""FALL_THRESHOLD"": 270, ""EDGE_THRESHOLD"": 650, ""RECOVER_LIMIT"": 4}",4,45,1,"[40.0, 40.0, 40.0, 40.0]","[[10.0, 9.0], [4.0, 5.0], [3.0, 9.0], [3.0, 9.0]]"
143,-28.0,"{""MOUNT_SPEED"": 700, ""IR_TRIGGER"": 0.25529707490715176, ""FALL_THRESHOLD"": 240, ""EDGE_THRESHOLD"": 730, ""RECOVER_LIMIT"": 4}",2,30,0,"[47.0, 47.0, 47.0, 47.0]","[[0.0, 5.0], [3.0, 8.0], [3.0, 8.0], [0.0, 2.0]]"
144,0.0,"{""MOUNT_SPEED"": 720, ""IR_TRIGGER"": 0.2597235333142188, ""FALL_THRESHOLD"": 320, ""EDGE_THRESHOLD"": 770, ""RECOVER_LIMIT"": 5}",0,0,0,"[42.0, 42.0, 42.0, 42.0]","[[0.0, 0.0], [0.0, 0.0], [0.0, 0.0], [0.0, 0.0]]"
145,4.0,"{""MOUNT_SPEED"": 710, ""IR_TRIGGER"": 0.17657121852084215, ""FALL_THRESHOLD"": 295, ""EDGE_THRESHOLD"": 800, ""RECOVER_LIMIT"": 4}",4,0,0,"[43.0, 43.0, 43.0, 43.0]","[[6.0, 3.0], [8.0, 3.0], [6.0, 3.0], [5.0, 3.0]]"
146,-46.0,"{""MOUNT_SPEED"": 670, ""IR_TRIGGER"": 0.2277249500496357, ""FALL_THRESHOLD"": 290, ""EDGE_THRESHOLD"": 770, ""RECOVER_LIMIT"": 5}",4,50,0,"[43.0, 43.0, 43.0, 43.0]","[[3.0, 9.0], [3.0, 15.0], [3.0, 9.0], [3.0, 15.0]]"
147,0.0,"{""MOUNT_SPEED"": 750, ""IR_TRIGGER"": 0.17800762037240098, ""FALL_THRESHOLD"": 300, ""EDGE_THRESHOLD"": 800, ""RECOVER_LIMIT"": 4}",0,0,0,"[35.0, 35.0, 35.0, 35.0]","[[0.0, 0.0], [0.0, 0.0], [0.0, 0.0], [0.0, 0.0]]"
148,-51.0,"{""MOUNT_SPEED"": 690, ""IR_TRIGGER"": 0.267002844259267, ""FALL_THRESHOLD"": 270, ""EDGE_THRESHOLD"": 710, ""RECOVER_LIMIT"": 4}",4,45,1,"[40.0, 40.0, 40.0, 40.0]","[[10.0, 9.0], [4.0, 5.0], [3.0, 9.0], [3.0, 9.0]]"
149,4.0,"{""MOUNT_SPEED"": 710, ""IR_TRIGGER"": 0.1909509447821235, ""FALL_THRESHOLD"": 315, ""EDGE_THRESHOLD"": 740, ""RECOVER_LIMIT"": 5}",4,0,0,"[43.0, 43.0, 43.0, 43.0]","[[6.0, 3.0], [8.0, 3.0], [6.0, 3.0], [5.0, 3.0]]"
