#{"t_start": 1790417062.4237332, "env_id": "None"}
r,l,t,seed,entry_tick,policy_ticks,target_index,us_block_scores,us_block_score_events,them_block_score_events,target_block_offs,unowned_block_offs,us_drops,attribution_ambiguous,done_reason,faults,score_us,score_them
-1.002,20,1.025081,20260925,181,20,0,0,0,0,0,0,1,False,,0,0,1
-1.0013,13,1.098341,42,160,13,0,0,0,0,0,0,1,False,,0,0,1
-1.0042,42,1.203994,1000,177,42,0,0,0,0,0,0,1,False,,0,0,1
-1.0043,43,1.300163,1001,156,43,0,0,0,0,0,0,1,False,,0,0,1
-1.0022,22,1.38865,1002,166,22,0,0,0,0,0,0,1,False,,0,0,1
-1.0027,27,1.477295,1003,165,27,0,0,0,0,0,0,1,False,,0,0,1
-1.0021,21,1.556828,1004,161,21,0,0,0,0,0,0,1,False,,0,0,1
-1.0014,14,1.628356,1005,164,14,0,0,0,0,0,0,1,False,,0,0,1
-1.012627,73,1.749773,1006,166,73,0,0,0,0,0,0,1,False,,0,0,1
-1.0013,13,1.826493,1007,172,13,0,0,0,0,0,0,1,False,,0,0,1
-1.0023,23,1.91365,1008,171,23,0,0,0,0,0,0,1,False,,0,0,1
-1.0012,12,1.994233,1009,177,12,0,0,0,0,0,0,1,False,,0,0,1
-1.0034,34,2.087634,1010,163,34,0,0,0,0,0,0,1,False,,0,0,1
-0.207891,2224,4.748022,1011,176,2224,0,0,0,0,0,1,0,False,比赛时间结束(手动模式),0,11,0
-1.0015,15,4.822417,1012,159,15,0,0,0,0,0,0,1,False,,0,0,1
-1.024618,267,5.09809,1013,166,267,0,0,0,0,0,0,1,False,,0,0,1
-0.1822,2219,7.86352,1014,181,2219,0,0,0,0,0,1,0,False,比赛时间结束(手动模式),0,2,0
-1.025352,194,8.084586,1015,182,194,0,0,0,0,0,0,1,False,,0,0,1
-1.0024,24,8.166459,1016,177,24,0,0,0,0,0,0,1,False,,0,0,1
0.0,1,8.917027,1017,-1,0,-1,0,0,0,0,0,0,False,恢复次数超限 → 停车,0,0,4
-1.0005,5,8.98107,1018,165,5,0,0,0,0,0,0,1,False,,0,0,1
-1.010725,102,9.126244,1019,170,102,0,0,0,0,0,0,1,False,,0,0,1
-1.006,60,9.239944,1020,155,60,0,0,0,0,0,0,1,False,,0,0,1
-1.003208,276,9.563735,1021,152,276,0,0,0,0,0,0,1,False,,0,0,1
-1.0019,19,9.645085,1022,172,19,0,0,0,0,0,0,1,False,,0,0,1
1.038241,263,9.942151,1023,165,263,0,1,1,0,0,0,0,False,,0,3,0
-1.109033,1333,12.483925,1024,157,1333,0,0,0,0,0,0,1,False,,0,0,1
-1.0015,15,12.562199,1025,164,15,0,0,0,0,0,0,1,False,,0,0,1
-1.0013,13,12.63735,1026,162,13,0,0,0,0,0,0,1,False,,0,0,1
-1.001395,31,12.72504,1027,166,31,0,0,0,0,0,0,1,False,,0,0,1
1.043448,214,12.962176,1028,181,214,0,1,1,0,0,0,0,False,,0,3,0
-0.2237,2237,15.721638,1029,163,2237,0,0,0,0,0,0,0,False,比赛时间结束(手动模式),0,11,0
-1.007195,52,15.829093,1030,167,52,0,0,0,0,0,0,1,False,,0,0,1
-1.0025,25,15.913587,1031,189,25,0,0,0,0,0,0,1,False,,0,0,4
-1.006416,45,16.012077,1032,176,45,0,0,0,0,0,0,1,False,,0,0,1
-1.009933,61,16.12356,1033,167,61,0,0,0,0,0,0,1,False,,0,2,0
-1.00694,50,16.220197,1034,167,50,0,0,0,0,0,0,1,False,,0,0,1
-1.005841,23,16.302094,1035,164,23,0,0,0,0,0,0,1,False,,0,0,1
-1.0017,17,16.375032,1036,160,17,0,0,0,0,0,0,1,False,,0,0,1
-1.0056,56,16.480685,1037,167,56,0,0,0,0,0,0,1,False,,0,0,1
-1.001,10,16.550086,1038,166,10,0,0,0,0,0,0,1,False,,0,0,1
-1.001,10,16.619844,1039,172,10,0,0,0,0,0,0,1,False,,0,0,1
-1.007488,552,18.178108,1040,166,552,0,0,0,0,0,0,1,False,,0,0,1
-1.0019,19,18.252026,1041,155,19,0,0,0,0,0,0,1,False,,0,0,1
-1.012055,130,18.393421,1042,168,130,0,0,0,0,0,0,1,False,,0,2,0
0.0,1,18.711112,1043,-1,0,-1,0,0,0,0,0,0,False,恢复次数超限 → 停车,0,0,4
-1.0227,102,18.849135,1044,163,102,0,0,0,0,0,0,1,False,,0,0,1
0.0,1,19.550279,1045,-1,0,-1,0,0,0,0,0,0,False,恢复次数超限 → 停车,0,0,12
-0.223763,2223,22.08837,1046,177,2223,0,0,0,0,0,1,0,False,比赛时间结束(手动模式),0,11,0
-1.0012,12,22.168156,1047,159,12,0,0,0,0,0,0,1,False,,0,0,1
-0.454668,194,22.39093,1048,163,194,0,0,0,0,1,1,0,False,,0,0,0
-1.0014,14,22.462022,1049,155,14,0,0,0,0,0,0,1,False,,0,0,1
-0.964474,115,22.620766,1050,177,115,0,0,0,0,0,0,1,False,,0,0,1
-1.0095,95,22.7611,1051,168,95,0,0,0,0,0,0,1,False,,0,0,1
-1.0014,14,22.83846,1052,172,14,0,0,0,0,0,0,1,False,,0,0,1
-1.0022,22,22.928275,1053,181,22,0,0,0,0,0,0,1,False,,0,0,1
-1.0008,8,22.999844,1054,170,8,0,0,0,0,0,0,1,False,,0,0,1
-1.029104,303,23.282655,1055,166,303,0,0,0,0,0,0,1,False,,0,1,1
-1.0068,68,23.400928,1056,167,68,0,0,0,0,0,0,1,False,,0,0,1
-1.006177,47,23.495085,1057,160,47,0,0,0,0,0,0,1,False,,0,0,1
-1.020005,150,23.668103,1058,165,150,0,0,0,0,0,0,1,False,,0,0,1
-1.015284,138,24.974403,1059,181,138,0,0,0,0,0,0,1,False,,0,0,1
-1.00556,32,25.175426,1060,243,32,0,0,0,0,0,0,1,False,,0,0,4
-1.072531,748,25.751796,1061,164,748,0,0,0,0,0,0,1,False,,0,2,0
-1.003,30,25.837871,1062,167,30,0,0,0,0,0,0,1,False,,0,0,1
-0.181335,2219,28.670941,1063,181,2219,0,0,0,1,0,0,0,False,比赛时间结束(手动模式),0,10,3
-1.0027,27,28.754195,1064,165,27,0,0,0,0,0,0,1,False,,0,0,1
1.043614,211,28.980771,1065,164,211,0,1,1,0,0,0,0,False,,0,3,0
-0.992092,54,29.090758,1066,175,54,0,0,0,0,0,0,1,False,,0,0,1
-1.0032,32,29.178377,1067,165,32,0,0,0,0,0,0,1,False,,0,0,1
-1.001408,61,29.287266,1068,165,61,0,0,0,0,0,0,1,False,,0,0,1
-1.0102,102,29.420048,1069,152,102,0,0,0,0,0,0,1,False,,0,0,1
-1.0012,12,29.488644,1070,165,12,0,0,0,0,0,0,1,False,,0,0,1
-1.0073,73,29.605525,1071,159,73,0,0,0,0,0,0,1,False,,0,2,0
-0.223467,2237,32.492914,1072,163,2237,0,0,0,1,0,0,0,False,比赛时间结束(手动模式),0,11,3
-1.189494,1810,34.805058,1073,168,1810,0,0,0,0,0,0,1,False,,0,0,1
-1.0036,36,34.900093,1074,177,36,0,0,0,0,0,0,1,False,,0,0,1
-1.0007,7,34.969201,1075,165,7,0,0,0,0,0,0,1,False,,0,0,1
-1.0021,21,35.047974,1076,181,21,0,0,0,0,0,0,1,False,,0,0,1
-1.0071,71,35.17083,1077,177,71,0,0,0,0,0,0,1,False,,0,0,1
-0.218672,2223,37.715707,1078,177,2223,0,0,0,1,0,0,0,False,比赛时间结束(手动模式),0,11,3
-1.004541,201,38.824037,1079,170,201,0,0,0,0,0,0,1,False,,0,0,1
-1.0122,122,39.026216,1080,160,122,0,0,0,0,0,0,1,False,,0,0,1
0.0,1,39.600827,1081,-1,0,-1,0,0,0,0,0,0,False,恢复次数超限 → 停车,0,0,7
-0.984416,364,39.931376,1082,160,364,0,0,0,1,0,0,1,False,,0,0,4
-1.0133,133,40.088626,1083,149,133,0,0,0,0,0,0,1,False,,0,0,1
1.045061,197,40.300082,1084,155,197,0,1,1,0,0,0,0,False,,0,3,0
-1.0041,41,40.391133,1085,166,41,0,0,0,0,0,0,1,False,,0,0,1
-0.994917,205,40.599931,1086,156,205,0,0,0,0,0,0,1,False,,0,0,1
-1.0005,5,40.659867,1087,152,5,0,0,0,0,0,0,1,False,,0,0,1
0.0,1,41.194211,1088,-1,0,-1,0,0,0,0,0,0,False,比赛时间结束,0,0,12
0.0,1,41.471089,1089,-1,0,-1,0,0,0,0,0,0,False,恢复次数超限 → 停车,0,0,7
-1.005,50,41.569709,1090,161,50,0,0,0,0,0,0,1,False,,0,0,1
1.046199,181,41.779802,1091,176,181,0,1,1,0,0,0,0,False,,0,3,0
-1.0025,25,41.856311,1092,158,25,0,0,0,0,0,0,1,False,,0,0,1
-1.02643,603,42.363401,1093,173,603,0,0,0,1,0,0,1,False,,0,3,3
-1.004465,45,42.461143,1094,163,45,0,0,0,0,0,0,1,False,,0,0,1
-1.0058,58,43.625382,1095,165,58,0,0,0,0,0,0,1,False,,0,0,1
-1.0023,23,43.777741,1096,169,23,0,0,0,0,0,0,1,False,,0,0,1
-0.014195,837,44.502464,1097,189,837,0,0,0,2,0,0,0,False,,0,3,9
-0.250053,2237,47.131934,1098,163,2237,0,0,0,0,0,0,0,False,比赛时间结束(手动模式),0,11,0
-1.202223,1544,49.288208,1099,152,1544,0,0,0,1,0,0,1,False,,0,7,3
-1.0079,79,49.417051,1100,167,79,0,0,0,0,0,0,1,False,,0,0,1
-1.0066,66,49.526216,1101,159,66,0,0,0,0,0,0,1,False,,0,0,1
-1.0024,24,49.606668,1102,170,24,0,0,0,0,0,0,1,False,,0,0,1
-0.026199,907,50.347268,1103,167,907,0,0,0,1,0,0,0,False,,0,1,3
-1.010719,82,50.468418,1104,166,82,0,0,0,0,0,0,1,False,,0,0,1
-0.450553,155,50.657121,1105,181,155,0,0,0,0,1,1,0,False,,0,0,0
-1.00945,78,50.784462,1106,170,78,0,0,0,0,0,0,1,False,,0,2,0
-1.009376,90,51.703555,1107,161,90,0,0,0,0,0,0,1,False,,0,0,1
-0.007793,726,52.431881,1108,165,726,0,0,0,1,0,0,0,False,,0,1,3
-0.999325,208,52.659105,1109,165,208,0,0,0,0,0,0,1,False,,0,2,1
-1.0024,24,52.736644,1110,169,24,0,0,0,0,0,0,1,False,,0,0,1
-1.003173,47,52.831837,1111,172,47,0,0,0,0,0,0,1,False,,0,1,1
-1.0212,212,53.050601,1112,181,212,0,0,0,0,0,0,1,False,,0,2,0
0.027544,359,53.385927,1113,165,359,0,0,0,2,0,0,0,False,,0,2,6
-0.225775,2234,56.189978,1114,166,2234,0,0,0,0,0,0,0,False,比赛时间结束(手动模式),0,8,0
-0.169904,2237,58.992766,1115,163,2237,0,0,0,0,0,0,0,False,比赛时间结束(手动模式),0,9,0
-1.0025,25,59.076655,1116,163,25,0,0,0,0,0,0,1,False,,0,0,1
-1.073443,745,60.846549,1117,160,745,0,0,0,0,0,0,1,False,,0,6,0
-1.0033,33,60.935279,1118,166,33,0,0,0,0,0,0,1,False,,0,0,1
-0.228249,2244,63.558182,1119,156,2244,0,0,0,0,0,0,0,False,比赛时间结束(手动模式),0,2,0
-1.0026,26,63.640641,1120,165,26,0,0,0,0,0,0,1,False,,0,0,1
-1.0014,14,63.713694,1121,161,14,0,0,0,0,0,0,1,False,,0,0,1
-1.0026,26,63.794243,1122,166,26,0,0,0,0,0,0,1,False,,0,0,1
-1.0075,75,63.910406,1123,164,75,0,0,0,0,0,0,1,False,,0,0,1
-1.004,40,64.003258,1124,169,40,0,0,0,0,0,0,1,False,,0,0,1
-1.007,70,64.117235,1125,159,70,0,0,0,0,0,0,1,False,,0,0,1
-1.003661,217,64.344107,1126,170,217,0,0,0,0,0,0,1,False,,0,2,1
-1.005732,69,64.461694,1127,177,69,0,0,0,0,0,0,1,False,,0,0,1
-0.996749,110,64.602247,1128,164,110,0,0,0,0,0,0,1,False,,0,0,1
-1.007157,84,64.730512,1129,163,84,0,0,0,0,0,0,1,False,,0,0,1
-1.0004,4,64.795534,1130,159,4,0,0,0,0,0,0,1,False,,0,0,1
0.0,1,65.517178,1131,-1,0,-1,0,0,0,0,0,0,False,恢复次数超限 → 停车,0,0,7
-1.010551,106,65.666456,1132,172,106,0,0,0,0,0,0,1,False,,0,0,1
-1.0067,67,65.774086,1133,155,67,0,0,0,0,0,0,1,False,,0,0,1
1.042673,219,66.914647,1134,164,219,0,1,1,0,0,0,0,False,,0,3,0
-1.0135,135,67.178125,1135,165,135,0,0,0,0,0,0,1,False,,0,0,1
-1.0044,44,67.270848,1136,159,44,0,0,0,0,0,0,1,False,,0,0,1
-1.0109,109,67.411747,1137,165,109,0,0,0,0,0,0,1,False,,0,0,1
0.047005,172,67.621411,1138,177,172,0,0,0,1,0,0,0,False,,0,0,3
0.0,1,68.157088,1139,-1,0,-1,0,0,0,0,0,0,False,恢复次数超限 → 停车,0,0,6
-1.002463,26,68.233361,1140,166,26,0,0,0,0,0,0,1,False,,0,1,0
-0.226127,2225,71.156788,1141,175,2225,0,0,0,0,0,0,0,False,比赛时间结束(手动模式),0,4,0
-0.169494,2236,73.769903,1142,164,2236,0,0,0,0,0,0,0,False,比赛时间结束(手动模式),0,6,0
-1.004024,40,73.860734,1143,155,40,0,0,0,0,0,0,1,False,,0,0,1
-1.011673,101,73.996963,1144,164,101,0,0,0,0,0,0,1,False,,0,0,1
0.0,1,74.603303,1145,-1,0,-1,0,0,0,0,0,0,False,恢复次数超限 → 停车,0,0,6
-1.1742,1742,77.016409,1146,183,1742,0,0,0,0,0,0,1,False,,0,11,0
-1.122026,1255,77.933942,1147,156,1255,0,0,0,0,0,0,1,False,,0,0,1
-0.226365,2235,81.610511,1148,165,2235,0,0,0,0,0,0,0,False,比赛时间结束(手动模式),0,13,0
-0.458528,229,81.924259,1149,172,229,0,0,0,0,1,1,0,False,,0,0,0
-0.465748,304,82.244623,1150,164,304,0,0,0,1,1,1,0,False,,0,2,3
-1.0114,114,82.388841,1151,155,114,0,0,0,0,0,0,1,False,,0,0,1
-1.015687,113,82.538801,1152,166,113,0,0,0,0,0,0,1,False,,0,0,1
-0.99951,58,82.647551,1153,165,58,0,0,0,0,0,0,1,False,,0,0,1
-0.459488,240,82.889997,1154,163,240,0,0,0,0,1,1,0,False,,0,0,0
-0.194466,2230,85.416502,1155,170,2230,0,0,0,0,0,0,0,False,比赛时间结束(手动模式),0,7,0
-1.004058,251,85.663941,1156,163,251,0,0,0,0,0,0,1,False,,0,0,1
-1.004116,46,85.766174,1157,181,46,0,0,0,0,0,0,1,False,,0,0,1
-0.192056,2211,88.202104,1158,189,2211,0,0,0,1,0,0,0,False,比赛时间结束(手动模式),0,11,6
-1.0042,42,88.29887,1159,170,42,0,0,0,0,0,0,1,False,,0,0,1
0.0,1,88.688715,1160,-1,0,-1,0,0,0,0,0,0,False,恢复次数超限 → 停车,0,0,8
-1.025586,226,89.87664,1161,167,226,0,0,0,1,0,0,1,False,,0,2,3
-0.206875,2235,92.830658,1162,165,2235,0,0,0,0,0,0,0,False,比赛时间结束(手动模式),0,11,0
-1.0093,93,92.97603,1163,158,93,0,0,0,0,0,0,1,False,,0,0,1
-1.0007,7,93.042141,1164,159,7,0,0,0,0,0,0,1,False,,0,0,1
0.0,1,93.637012,1165,-1,0,-1,0,0,0,0,0,0,False,恢复次数超限 → 停车,0,0,6
-1.0017,17,93.718775,1166,181,17,0,0,0,0,0,0,1,False,,0,0,1
0.005281,586,94.265958,1167,177,586,0,0,0,1,0,0,0,False,,0,2,3
-1.0013,13,94.343178,1168,181,13,0,0,0,0,0,0,1,False,,0,0,1
0.0,1,94.946899,1169,-1,0,-1,0,0,0,0,0,0,False,恢复次数超限 → 停车,0,0,15
0.0,1,95.642451,1170,-1,0,-1,0,0,0,0,0,0,False,恢复次数超限 → 停车,0,0,5
1.048407,162,95.841003,1171,167,162,0,1,1,0,0,0,0,False,,0,3,0
-0.221742,2234,98.717963,1172,166,2234,0,0,0,0,0,0,0,False,比赛时间结束(手动模式),0,12,0
-0.458911,236,98.961433,1173,172,236,0,0,0,0,1,1,0,False,,0,0,0
-0.957665,139,99.132478,1174,181,139,0,0,0,0,0,0,1,False,,0,0,1
-1.003071,40,99.22663,1175,177,40,0,0,0,0,0,0,1,False,,0,0,1
-1.004091,55,99.328151,1176,157,55,0,0,0,0,0,0,1,False,,0,0,1
-1.0007,7,99.398601,1177,181,7,0,0,0,0,0,0,1,False,,0,0,1
0.0,1,100.02292,1178,-1,0,-1,0,0,0,0,0,0,False,恢复次数超限 → 停车,0,0,7
-1.006064,107,100.166574,1179,175,107,0,0,0,0,0,0,1,False,,0,0,1
-1.062772,631,101.870567,1180,243,631,0,0,0,0,0,0,1,False,,0,4,3
0.0,1,102.452595,1181,-1,0,-1,0,0,0,0,0,0,False,恢复次数超限 → 停车,0,0,7
-0.456606,212,102.673009,1182,167,212,0,0,0,0,1,1,0,False,,0,0,0
-1.0008,8,102.744087,1183,189,8,0,0,0,0,0,0,1,False,,0,0,4
-1.0137,137,103.312088,1184,1166,137,1,0,0,0,0,0,1,False,,0,0,6
-0.183458,2246,105.99222,1185,154,2246,0,0,0,0,0,0,0,False,比赛时间结束(手动模式),0,10,0
-1.0043,43,106.092753,1186,172,43,0,0,0,0,0,0,1,False,,0,0,1
-0.226985,2219,108.82012,1187,181,2219,0,0,0,0,0,0,0,False,比赛时间结束(手动模式),0,0,0
-0.184872,2237,111.750984,1188,163,2237,0,0,0,0,0,0,0,False,比赛时间结束(手动模式),0,12,0
1.04475,202,112.086222,1189,165,202,0,1,1,0,0,0,0,False,,0,3,0
-1.051792,1188,115.200846,1190,189,1188,0,0,0,0,0,0,1,False,,0,5,4
-1.086853,1309,116.576892,1191,157,1309,0,0,0,0,0,1,1,False,,0,8,0
-1.0031,31,118.300159,1192,157,31,0,0,0,0,0,0,1,False,,0,0,1
-0.19179,2245,121.300128,1193,155,2245,0,0,0,0,0,0,0,False,比赛时间结束(手动模式),0,8,0
-0.011107,754,122.108674,1194,168,754,0,0,0,1,0,0,0,False,,0,2,3
-1.0079,79,122.274566,1195,177,79,0,0,0,0,0,0,1,False,,0,0,1
-0.452779,176,122.527004,1196,164,176,0,0,0,0,1,1,0,False,,0,0,0
-1.0128,128,122.715172,1197,170,128,0,0,0,0,0,0,1,False,,0,0,1
-1.020713,241,123.001281,1198,149,241,0,0,0,0,0,0,1,False,,0,0,1
-1.008911,90,123.161912,1199,170,90,0,0,0,0,0,0,1,False,,0,0,1
-1.0049,49,123.275287,1200,157,49,0,0,0,0,0,0,1,False,,0,0,1
-1.002879,73,123.40726,1201,157,73,0,0,0,0,0,0,1,False,,0,0,1
-1.0046,46,123.524067,1202,172,46,0,0,0,0,0,0,1,False,,0,0,1
-1.020203,184,123.778119,1203,181,184,0,0,0,1,0,0,1,False,,0,0,4
-1.0008,8,123.856679,1204,164,8,0,0,0,0,0,0,1,False,,0,0,1
-1.003172,28,125.047355,1205,181,28,0,0,0,0,0,0,1,False,,0,0,1
-0.979171,312,125.456405,1206,166,312,0,0,0,0,0,0,1,False,,0,1,1
-0.218765,2237,128.669242,1207,163,2237,0,0,0,0,0,0,0,False,比赛时间结束(手动模式),0,7,0
-1.001825,42,128.790987,1208,174,42,0,0,0,0,0,0,1,False,,0,0,1
-1.0032,32,128.888709,1209,165,32,0,0,0,0,0,0,1,False,,0,0,1
0.039287,253,129.197225,1210,168,253,0,0,0,1,0,0,0,False,,0,1,3
-1.007642,108,129.367049,1211,165,108,0,0,0,0,0,0,1,False,,0,0,1
-1.0039,39,129.479079,1212,177,39,0,0,0,0,0,0,1,False,,0,0,1
-1.004559,44,129.59704,1213,175,44,0,0,0,0,0,0,1,False,,0,0,1
-0.181143,2219,132.722216,1214,181,2219,0,0,0,0,0,1,0,False,比赛时间结束(手动模式),0,11,0
-0.982996,129,132.903937,1215,164,129,0,0,0,0,0,0,1,False,,0,0,1
-1.062107,749,134.812953,1216,175,749,0,0,0,0,0,0,1,False,,0,4,0
-1.010997,95,135.031037,1217,166,95,0,0,0,0,0,0,1,False,,0,0,1
-0.996021,125,135.218397,1218,162,125,0,0,0,0,0,0,1,False,,0,0,1
-1.024327,286,135.55003,1219,169,286,0,0,0,0,0,0,1,False,,0,1,1
-1.019692,197,135.814992,1220,164,197,0,0,0,0,0,0,1,False,,0,0,1
-1.117797,1754,138.613431,1221,175,1754,0,0,0,1,0,0,1,False,,0,10,1
-0.216478,2237,141.748529,1222,163,2237,0,0,0,1,0,0,0,False,比赛时间结束(手动模式),0,3,3
-1.00707,82,141.900615,1223,166,82,0,0,0,0,0,0,1,False,,0,0,1
-0.448823,138,142.121835,1224,177,138,0,0,0,0,1,1,0,False,,0,0,0
-0.967803,180,142.376576,1225,177,180,0,0,0,0,0,0,1,False,,0,0,1
-0.2236,2236,145.5319,1226,164,2236,0,0,0,0,0,0,0,False,比赛时间结束(手动模式),0,0,0
0.025786,390,145.973788,1227,172,390,0,0,0,2,0,0,0,False,,0,1,6
0.0,1,146.664605,1228,-1,0,-1,0,0,0,0,0,0,False,恢复次数超限 → 停车,0,0,2
-1.033442,606,148.311188,1229,189,606,0,0,0,0,0,0,1,False,,0,0,4
-0.2235,2235,151.286293,1230,165,2235,0,0,0,0,0,0,0,False,比赛时间结束(手动模式),0,0,0
1.041996,227,151.576012,1231,166,227,0,1,1,0,0,0,0,False,,0,3,0
-0.454612,192,151.822799,1232,183,192,0,0,0,0,1,1,0,False,,0,0,0
0.0,1,152.715266,1233,-1,0,-1,0,0,0,0,0,0,False,恢复次数超限 → 停车,0,0,15
-1.009776,172,152.932802,1234,155,172,0,0,0,0,0,0,1,False,,0,0,1
-1.1612,1612,155.354576,1235,160,1612,0,0,0,0,0,1,1,False,,0,8,0
-0.452479,173,155.586572,1236,177,173,0,0,0,0,1,1,0,False,,0,0,0
-1.007399,70,155.720267,1237,177,70,0,0,0,0,0,0,1,False,,0,0,1
-1.003805,104,155.879709,1238,172,104,0,0,0,0,0,0,1,False,,0,0,1
-0.2201,2219,158.888715,1239,181,2219,0,0,0,0,0,0,0,False,比赛时间结束(手动模式),0,11,0
-1.0035,35,158.992862,1240,183,35,0,0,0,0,0,0,1,False,,0,0,1
-0.457376,221,159.268568,1241,181,221,0,0,0,0,1,1,0,False,,0,0,0
-0.2211,2211,162.084712,1242,189,2211,0,0,0,0,0,0,0,False,比赛时间结束(手动模式),0,0,3
0.0,1,162.481939,1243,-1,0,-1,0,0,0,0,0,0,False,恢复次数超限 → 停车,0,0,2
0.0,1,162.967667,1244,-1,0,-1,0,0,0,0,0,0,False,恢复次数超限 → 停车,0,0,2
-0.214069,2233,165.863043,1245,167,2233,0,0,0,0,0,0,0,False,比赛时间结束(手动模式),0,12,0
-0.458308,228,166.098466,1246,160,228,0,0,0,0,1,1,0,False,,0,0,0
0.0,1,166.547259,1247,-1,0,-1,0,0,0,0,0,0,False,恢复次数超限 → 停车,0,0,7
-1.0026,26,166.63069,1248,155,26,0,0,0,0,0,0,1,False,,0,0,1
-1.037919,758,168.214038,1249,243,758,0,0,0,0,0,0,1,False,,0,3,3
-1.0041,41,168.319905,1250,176,41,0,0,0,0,0,0,1,False,,0,2,0
0.0,1,169.062713,1251,-1,0,-1,0,0,0,0,0,0,False,恢复次数超限 → 停车,0,0,7
0.0,1,169.82604,1252,-1,0,-1,0,0,0,0,0,0,False,恢复次数超限 → 停车,0,0,14
-1.0037,37,169.922338,1253,159,37,0,0,0,0,0,0,1,False,,0,0,1
-1.0057,57,170.033566,1254,166,57,0,0,0,0,0,0,1,False,,0,0,1
-0.991298,90,170.180879,1255,189,90,0,0,0,0,0,0,1,False,,0,0,4
-1.0042,42,170.276853,1256,165,42,0,0,0,0,0,0,1,False,,0,0,1
-1.0056,56,170.387962,1257,165,56,0,0,0,0,0,0,1,False,,0,0,1
-1.102546,979,171.197945,1258,162,979,0,0,0,0,0,0,1,False,,0,7,0
-1.0052,52,171.305243,1259,165,52,0,0,0,0,0,0,1,False,,0,0,1
-1.0039,39,171.399879,1260,159,39,0,0,0,0,0,0,1,False,,0,0,1
-0.204806,2223,176.463135,1261,177,2223,0,0,0,1,0,0,0,False,比赛时间结束(手动模式),0,0,3
0.007472,574,177.017385,1262,164,574,0,0,0,1,0,0,0,False,,0,1,3
-1.0063,63,177.139847,1263,149,63,0,0,0,0,0,0,1,False,,0,0,1
-1.0034,34,177.233627,1264,154,34,0,0,0,0,0,0,1,False,,0,0,1
-0.984497,57,177.344784,1265,161,57,0,0,0,0,0,0,1,False,,0,0,1
-0.225069,2237,180.07679,1266,163,2237,0,0,0,0,0,0,0,False,比赛时间结束(手动模式),0,12,0
-1.0049,49,180.178828,1267,172,49,0,0,0,0,0,0,1,False,,0,1,1
-1.0033,33,180.265929,1268,166,33,0,0,0,0,0,0,1,False,,0,0,1
-0.222318,2223,183.022771,1269,177,2223,0,0,0,0,0,0,0,False,比赛时间结束(手动模式),0,0,0
-0.203065,2245,185.759056,1270,155,2245,0,0,0,1,0,0,0,False,比赛时间结束(手动模式),0,13,3
-1.022018,375,186.108761,1271,183,375,0,0,0,1,0,0,1,False,,0,3,3
0.0,1,186.895529,1272,-1,0,-1,0,0,0,0,0,0,False,恢复次数超限 → 停车,0,0,13
-1.0059,59,187.009057,1273,167,59,0,0,0,0,0,0,1,False,,0,0,1
-1.115855,1158,188.932774,1274,160,1158,0,0,0,1,0,0,1,False,,0,6,3
-1.083117,867,189.634698,1275,167,867,0,0,0,1,0,0,1,False,,0,2,3
-1.0098,98,189.77201,1276,157,98,0,0,0,0,0,0,1,False,,0,0,1
-1.005141,162,191.061384,1277,160,162,0,0,0,0,0,0,1,False,,0,0,1
-1.054971,894,191.930118,1278,182,894,0,0,0,0,0,0,1,False,,0,0,1
-1.0027,27,192.015652,1279,167,27,0,0,0,0,0,0,1,False,,0,0,1
-1.179058,1949,194.315804,1280,166,1949,0,0,0,0,0,0,1,False,,0,11,0
-0.165769,2228,197.018183,1281,172,2228,0,0,0,0,0,0,0,False,比赛时间结束(手动模式),0,1,0
-1.180289,1795,199.397038,1282,181,1795,0,0,0,0,0,0,1,False,,0,0,1
0.029648,348,199.739067,1283,166,348,0,0,0,1,0,0,0,False,,0,0,3
-1.015195,172,199.947112,1284,165,172,0,0,0,0,0,0,1,False,,0,0,1
0.01384,504,200.411774,1285,168,504,0,0,0,2,0,0,0,False,,0,1,6
-0.215048,2236,204.295686,1286,164,2236,0,0,0,0,0,0,0,False,比赛时间结束(手动模式),0,11,0
-0.455337,198,204.598251,1287,163,198,0,0,0,0,1,1,0,False,,0,0,0
-0.460352,251,204.860023,1288,165,251,0,0,0,0,1,1,0,False,,0,0,0
-0.005966,700,205.490295,1289,172,700,0,0,0,1,0,0,0,False,,0,1,3
-1.0035,35,205.600522,1290,164,35,0,0,0,0,0,0,1,False,,0,0,1
-1.010962,97,205.739989,1291,163,97,0,0,0,0,0,0,1,False,,0,2,0
-0.2243,2243,208.528783,1292,157,2243,0,0,0,0,0,0,0,False,比赛时间结束(手动模式),0,13,0
-0.164068,2235,211.261851,1293,165,2235,0,0,0,1,0,0,0,False,比赛时间结束(手动模式),0,9,3
-1.005141,52,211.365956,1294,163,52,0,0,0,0,0,0,1,False,,0,0,1
0.020881,440,212.808232,1295,168,440,0,0,0,1,0,0,0,False,,0,1,3
-1.0101,101,212.962786,1296,170,101,0,0,0,0,0,0,1,False,,0,1,1
-1.02178,237,213.221339,1297,159,237,0,0,0,0,0,0,1,False,,0,0,1
-0.16386,2221,216.118988,1298,179,2221,0,0,0,0,0,0,0,False,比赛时间结束(手动模式),0,8,0
-1.0179,179,216.320688,1299,167,179,0,0,0,0,0,0,1,False,,0,0,1
-1.0074,74,216.441001,1300,157,74,0,0,0,0,0,0,1,False,,0,0,1
0.0,1,217.222136,1301,-1,0,-1,0,0,0,0,0,0,False,恢复次数超限 → 停车,0,0,14
-0.98183,110,217.37211,1302,160,110,0,0,0,0,0,0,1,False,,0,0,1
-1.0029,29,217.460124,1303,165,29,0,0,0,0,0,0,1,False,,0,0,1
-1.022945,280,217.731113,1304,167,280,0,0,0,0,0,0,1,False,,0,0,1
-1.0062,62,217.843442,1305,172,62,0,0,0,0,0,0,1,False,,0,0,1
-0.459173,230,218.086018,1306,177,230,0,0,0,0,1,1,0,False,,0,0,0
-0.456653,210,218.302707,1307,154,210,0,0,0,0,1,1,0,False,,0,0,0
-1.0025,25,218.378614,1308,155,25,0,0,0,0,0,0,1,False,,0,0,1
-1.016855,135,218.537882,1309,168,135,0,0,0,0,0,0,1,False,,0,0,1
-1.01473,109,219.684564,1310,164,109,0,0,0,0,0,0,1,False,,0,0,1
-1.007564,44,219.846821,1311,170,44,0,0,0,0,0,0,1,False,,0,2,0
-1.0425,425,220.231099,1312,165,425,0,0,0,0,0,0,1,False,,0,4,0
-0.449952,142,220.407777,1313,177,142,0,0,0,0,1,1,0,False,,0,0,0
-1.02137,182,220.606261,1314,156,182,0,0,0,0,0,0,1,False,,0,0,1
-1.019915,445,221.017134,1315,175,445,0,0,0,0,0,0,1,False,,0,1,1
0.0,1,221.828235,1316,-1,0,-1,0,0,0,0,0,0,False,恢复次数超限 → 停车,0,0,20
-0.176534,2219,224.352504,1317,181,2219,0,0,0,0,0,0,0,False,比赛时间结束(手动模式),0,1,0
-0.162108,2237,227.050811,1318,163,2237,0,0,0,1,0,0,0,False,比赛时间结束(手动模式),0,13,3
-1.010006,98,227.193596,1319,172,98,0,0,0,0,0,0,1,False,,0,0,1
-0.219835,2223,229.766911,1320,177,2223,0,0,0,1,0,0,0,False,比赛时间结束(手动模式),0,11,3
-0.95915,141,230.909759,1321,166,141,0,0,0,0,0,0,1,False,,0,0,1
-1.0045,45,231.085805,1322,159,45,0,0,0,0,0,0,1,False,,0,0,1
-1.0297,297,231.360219,1323,167,297,0,0,0,0,0,0,1,False,,0,4,0
-1.0094,94,231.494406,1324,155,94,0,0,0,0,0,0,1,False,,0,0,1
-0.485261,499,231.93758,1325,164,499,0,0,0,0,1,1,0,False,,0,3,0
-1.0037,37,232.02474,1326,155,37,0,0,0,0,0,0,1,False,,0,0,1
-1.153008,1646,234.160073,1327,161,1646,0,0,0,0,0,0,1,False,,0,5,1
-1.019192,209,234.388326,1328,172,209,0,0,0,0,0,0,1,False,,0,0,1
-0.197681,2235,237.122372,1329,165,2235,0,0,0,0,0,0,0,False,比赛时间结束(手动模式),0,0,0
-0.459579,241,237.381917,1330,177,241,0,0,0,0,1,1,0,False,,0,0,0
1.043011,210,237.619821,1331,177,210,0,1,1,0,0,0,0,False,,0,3,0
-1.0025,25,237.707113,1332,175,25,0,0,0,0,0,0,1,False,,0,0,1
0.0,1,238.394487,1333,-1,0,-1,0,0,0,0,0,0,False,恢复次数超限 → 停车,0,0,12
-1.005959,113,238.54247,1334,158,113,0,0,0,0,0,0,1,False,,0,0,1
-0.224658,2230,241.326338,1335,170,2230,0,0,0,0,0,0,0,False,比赛时间结束(手动模式),0,9,0
-0.206152,2228,243.883891,1336,172,2228,0,0,0,1,0,0,0,False,比赛时间结束(手动模式),0,1,3
-0.212899,2243,247.563384,1337,157,2243,0,0,0,0,0,1,0,False,比赛时间结束(手动模式),0,11,0
-0.03716,1000,248.412261,1338,160,1000,0,0,0,2,0,0,0,False,,0,5,6
-0.971586,165,248.604884,1339,170,165,0,0,0,1,0,0,1,False,,0,0,4
-1.025722,153,248.818393,1340,243,153,0,0,0,0,0,0,1,False,,0,0,4
-0.971848,304,249.111465,1341,157,304,0,0,0,1,0,0,1,False,,0,3,4
-0.991371,137,249.282006,1342,169,137,0,0,0,0,0,0,1,False,,0,0,1
-1.0208,208,250.392897,1343,157,208,0,0,0,0,0,0,1,False,,0,1,1
-0.45394,181,250.697613,1344,175,181,0,0,0,0,1,1,0,False,,0,0,0
1.051172,137,250.883127,1345,182,137,0,1,1,0,0,0,0,False,,0,3,0
0.018598,458,251.292706,1346,177,458,0,0,0,2,0,0,0,False,,0,3,6
-1.000447,124,251.450491,1347,177,124,0,0,0,0,0,0,1,False,,0,0,1
-0.173348,2232,254.021062,1348,168,2232,0,0,0,1,0,0,0,False,比赛时间结束(手动模式),0,6,3
0.0,1,254.444989,1349,-1,0,-1,0,0,0,0,0,0,False,恢复次数超限 → 停车,0,0,4
-0.987374,334,254.755018,1350,181,334,0,0,0,1,0,0,1,False,,0,1,4
-1.002072,44,254.849934,1351,164,44,0,0,0,0,0,0,1,False,,0,0,1
-0.452915,176,255.057042,1352,165,176,0,0,0,0,1,1,0,False,,0,0,0
-1.0082,82,255.178906,1353,160,82,0,0,0,0,0,0,1,False,,0,0,1
1.057116,128,255.374206,1354,243,128,0,1,1,0,0,0,0,False,,0,3,3
-1.030241,297,256.45101,1355,165,297,0,0,0,0,0,0,1,False,,0,1,1
-1.0029,29,256.566454,1356,157,29,0,0,0,0,0,0,1,False,,0,0,1
-0.458454,232,256.811369,1357,168,232,0,0,0,0,1,1,0,False,,0,0,0
-1.007678,298,257.109337,1358,177,298,0,0,0,1,0,0,1,False,,0,0,4
1.045145,99,257.242332,1359,155,99,0,1,1,0,0,0,0,False,,0,3,0
0.0,1,257.812443,1360,-1,0,-1,0,0,0,0,0,0,False,恢复次数超限 → 停车,0,0,4
-0.208821,2218,260.437531,1361,182,2218,0,0,0,1,0,0,0,False,比赛时间结束(手动模式),0,12,3
-0.996413,85,260.573843,1362,183,85,0,0,0,0,0,0,1,False,,0,0,1
-0.22525,2241,263.135456,1363,159,2241,0,0,0,1,0,0,0,False,比赛时间结束(手动模式),0,11,3
-1.01379,158,263.327361,1364,167,158,0,0,0,0,0,0,1,False,,0,0,1
-1.0005,5,263.392425,1365,161,5,0,0,0,0,0,0,1,False,,0,0,1
-1.0079,79,263.512238,1366,165,79,0,0,0,0,0,0,1,False,,0,0,1
0.005753,578,264.020285,1367,181,578,0,0,0,2,0,0,0,False,,0,3,6
-0.213894,2225,267.729997,1368,175,2225,0,0,0,0,0,1,0,False,比赛时间结束(手动模式),0,11,0
-0.183643,2244,270.532284,1369,156,2244,0,0,0,0,0,0,0,False,比赛时间结束(手动模式),0,12,0
-0.996234,173,270.738602,1370,181,173,0,0,0,1,0,0,1,False,,0,1,3
-0.988347,81,270.863964,1371,189,81,0,0,0,0,0,0,1,False,,0,0,4
-1.219426,2207,273.481795,1372,189,2207,0,0,0,0,0,0,1,False,,0,12,3
-1.020423,227,273.734277,1373,160,227,0,0,0,0,0,0,1,False,,0,0,1
-0.211666,2240,276.388308,1374,160,2240,0,0,0,1,0,0,0,False,比赛时间结束(手动模式),0,11,3
-0.950849,118,276.596891,1375,243,118,0,0,0,0,0,0,1,False,,0,0,4
-0.170333,2223,279.276911,1376,177,2223,0,0,0,1,0,0,0,False,比赛时间结束(手动模式),0,10,3
-0.986132,70,279.395551,1377,158,70,0,0,0,0,0,0,1,False,,0,0,1
0.002597,621,280.950656,1378,177,621,0,0,0,1,0,1,0,False,,0,1,3
0.0,1,281.267562,1379,-1,0,-1,0,0,0,0,0,0,False,恢复次数超限 → 停车,0,0,6
-1.0114,114,281.421619,1380,172,114,0,0,0,0,0,0,1,False,,0,0,1
-1.079602,868,282.122689,1381,160,868,0,0,0,1,0,0,1,False,,0,4,4
-1.0087,87,282.243866,1382,152,87,0,0,0,0,0,0,1,False,,0,0,1
0.0,1,282.941025,1383,-1,0,-1,0,0,0,0,0,0,False,比赛时间结束,0,0,5
-1.0014,14,283.012814,1384,165,14,0,0,0,0,0,0,1,False,,0,0,1
-1.017218,99,283.149736,1385,166,99,0,0,0,0,0,0,1,False,,0,0,1
-1.0048,48,283.241932,1386,152,48,0,0,0,0,0,0,1,False,,0,0,1
0.049149,151,283.427776,1387,175,151,0,0,0,1,0,0,0,False,,0,0,3
-0.204598,2236,286.085218,1388,164,2236,0,0,0,0,0,0,0,False,比赛时间结束(手动模式),0,11,0
0.022671,411,287.267223,1389,157,411,0,0,0,2,0,0,0,False,,0,1,6
-0.975776,104,287.50509,1390,182,104,0,0,0,0,0,0,1,False,,0,0,1
-1.0593,593,287.962951,1391,159,593,0,0,0,1,0,0,1,False,,0,0,4
-0.458232,227,288.198549,1392,157,227,0,0,0,0,1,1,0,False,,0,0,0
0.032703,265,288.463896,1393,182,265,0,0,0,2,0,0,0,False,,0,1,6
-0.188748,2223,290.878196,1394,177,2223,0,0,0,0,0,0,0,False,比赛时间结束(手动模式),0,0,0
-1.009571,100,291.025366,1395,177,100,0,0,0,0,0,0,1,False,,0,0,1
-1.152447,1363,293.198224,1396,167,1363,0,0,0,0,0,0,1,False,,0,8,0
-0.198363,2231,296.054637,1397,169,2231,0,0,0,0,0,0,0,False,比赛时间结束(手动模式),0,10,0
-0.16138,2231,298.901533,1398,169,2231,0,0,0,0,0,0,0,False,比赛时间结束(手动模式),0,9,0
-0.165412,2223,301.446152,1399,177,2223,0,0,0,1,0,0,0,False,比赛时间结束(手动模式),0,11,3
-1.0033,33,301.534879,1400,167,33,0,0,0,0,0,0,1,False,,0,0,1
-1.082062,1168,303.548067,1401,189,1168,0,0,0,1,0,0,1,False,,0,6,6
-0.186788,2234,306.232322,1402,166,2234,0,0,0,0,0,0,0,False,比赛时间结束(手动模式),0,11,0
-1.129287,1608,308.326784,1403,166,1608,0,0,0,0,0,0,1,False,,0,10,0
0.0,1,308.938473,1404,-1,0,-1,0,0,0,0,0,0,False,恢复次数超限 → 停车,0,0,13
-0.95993,177,309.14284,1405,172,177,0,0,0,0,0,0,1,False,,0,0,1
1.049388,154,309.328677,1406,177,154,0,1,1,0,0,0,0,False,,0,3,0
-0.996952,166,309.51222,1407,160,166,0,0,0,0,0,0,1,False,,0,0,1
-0.1976,2218,312.099082,1408,182,2218,0,0,0,0,0,0,0,False,比赛时间结束(手动模式),0,12,0
-1.033583,379,312.444507,1409,152,379,0,0,0,0,0,0,1,False,,0,2,0
1.048817,159,312.632548,1410,165,159,0,1,1,0,0,0,0,False,,0,3,0
-0.495774,601,314.224241,1411,172,601,0,0,0,0,1,1,0,False,,0,2,0
0.0,1,314.8862,1412,-1,0,-1,0,0,0,0,0,0,False,恢复次数超限 → 停车,0,0,4
-1.064763,598,315.342556,1413,177,598,0,0,0,1,0,0,1,False,,0,6,3
-1.001078,28,315.423417,1414,160,28,0,0,0,0,0,0,1,False,,0,0,1
-1.0057,57,315.533581,1415,170,57,0,0,0,0,0,0,1,False,,0,0,1
-0.220231,2233,318.103181,1416,167,2233,0,0,0,0,0,1,0,False,比赛时间结束(手动模式),0,11,0
-0.1629,2225,320.752516,1417,175,2225,0,0,0,1,0,0,0,False,比赛时间结束(手动模式),0,12,3
-0.173214,2223,323.402502,1418,177,2223,0,0,0,1,0,0,0,False,比赛时间结束(手动模式),0,11,3
-0.177498,2234,325.976007,1419,166,2234,0,0,0,0,0,0,0,False,比赛时间结束(手动模式),0,11,0
-0.169405,2237,328.50175,1420,163,2237,0,0,0,1,0,0,0,False,比赛时间结束(手动模式),0,10,3
0.026277,380,328.86388,1421,177,380,0,0,0,1,0,0,0,False,,0,0,3
0.0,1,329.395336,1422,-1,0,-1,0,0,0,0,0,0,False,比赛时间结束,0,0,13
-0.169099,2225,332.902603,1423,175,2225,0,0,0,0,0,0,0,False,比赛时间结束(手动模式),0,23,0
0.0,1,333.509056,1424,-1,0,-1,0,0,0,0,0,0,False,恢复次数超限 → 停车,0,0,7
-0.46141,256,333.762754,1425,155,256,0,0,0,0,1,1,0,False,,0,0,0
-1.015563,181,333.972543,1426,175,181,0,0,0,0,0,0,1,False,,0,0,1
0.038064,269,334.245774,1427,164,269,0,0,0,1,0,0,0,False,,0,0,3
-1.000435,171,334.450058,1428,181,171,0,0,0,0,0,0,1,False,,0,0,1
-0.223778,2219,337.086878,1429,181,2219,0,0,0,0,0,0,0,False,比赛时间结束(手动模式),0,12,0
1.040544,244,337.340066,1430,159,244,0,1,1,0,0,0,0,False,,0,3,0
-0.996826,94,337.494525,1431,172,94,0,0,0,0,0,0,1,False,,0,0,1
-1.0051,51,337.595646,1432,157,51,0,0,0,0,0,0,1,False,,0,0,1
-0.179592,2228,340.173972,1433,172,2228,0,0,0,1,0,0,0,False,比赛时间结束(手动模式),0,11,3
-1.0028,28,340.265941,1434,166,28,0,0,0,0,0,0,1,False,,0,0,1
-0.203658,2219,342.945705,1435,181,2219,0,0,0,1,0,0,0,False,比赛时间结束(手动模式),0,10,3
-0.229282,2219,346.279785,1436,181,2219,0,0,0,0,0,0,0,False,比赛时间结束(手动模式),0,0,0
-0.232131,2248,349.154536,1437,152,2248,0,0,0,1,0,0,0,False,比赛时间结束(手动模式),0,11,3
-0.201747,2235,351.770229,1438,165,2235,0,0,0,0,0,0,0,False,比赛时间结束(手动模式),0,11,0
-0.957312,148,351.96031,1439,177,148,0,0,0,0,0,0,1,False,,0,0,1
-1.0041,41,352.053264,1440,170,41,0,0,0,0,0,0,1,False,,0,0,1
-1.20274,2086,354.565469,1441,169,2086,0,0,0,0,0,1,1,False,,0,12,0
-1.00721,53,354.682028,1442,181,53,0,0,0,0,0,0,1,False,,0,0,1
-0.456097,210,354.908459,1443,168,210,0,0,0,0,1,1,0,False,,0,0,0
-1.006409,49,355.010841,1444,172,49,0,0,0,0,0,0,1,False,,0,0,1
-1.089727,1416,357.081005,1445,163,1416,0,0,0,0,0,0,1,False,,0,2,0
-1.012224,234,357.326067,1446,155,234,0,0,0,0,0,0,1,False,,0,0,1
0.011603,521,357.813853,1447,177,521,0,0,0,1,0,0,0,False,,0,4,3
-0.163981,2223,360.525281,1448,177,2223,0,0,0,0,0,0,0,False,比赛时间结束(手动模式),0,2,0
-0.455855,208,360.752752,1449,167,208,0,0,0,0,1,1,0,False,,0,0,0
-0.993102,394,361.156818,1450,155,394,0,0,0,0,0,0,1,False,,0,0,1
-1.0021,21,361.237517,1451,166,21,0,0,0,0,0,0,1,False,,0,0,1
-0.205303,2219,364.625433,1452,181,2219,0,0,0,1,0,0,0,False,比赛时间结束(手动模式),0,12,3
1.057322,140,364.878292,1453,189,140,0,1,1,0,0,0,0,False,,0,3,3
-0.026552,908,365.622024,1454,163,908,0,0,0,1,0,0,0,False,,0,0,3
0.0,1,366.320717,1455,-1,0,-1,0,0,0,0,0,0,False,比赛时间结束,0,0,6
-0.004173,763,366.984815,1456,189,763,0,0,0,1,0,0,0,False,,0,0,6
-0.997674,131,367.154056,1457,170,131,0,0,0,0,0,0,1,False,,0,0,1
-0.2228,2228,371.101104,1458,172,2228,0,0,0,1,0,0,0,False,比赛时间结束(手动模式),0,12,3
-0.953426,55,371.234901,1459,172,55,0,0,0,0,0,0,1,False,,0,0,1
-1.0345,345,371.564202,1460,165,345,0,0,0,0,0,0,1,False,,0,1,0
-0.175527,2230,374.118952,1461,170,2230,0,0,0,0,0,0,0,False,比赛时间结束(手动模式),0,1,0
-0.986261,78,374.239895,1462,156,78,0,0,0,0,0,0,1,False,,0,0,1
-0.961528,108,374.386755,1463,177,108,0,0,0,0,0,0,1,False,,0,1,1
-0.458525,235,374.632236,1464,165,235,0,0,0,0,1,1,0,False,,0,0,0
-0.21496,2219,377.213853,1465,181,2219,0,0,0,0,0,0,0,False,比赛时间结束(手动模式),0,0,0
-0.002416,629,377.768387,1466,164,629,0,0,0,1,0,1,0,False,,0,3,3
-0.226966,2232,381.100674,1467,168,2232,0,0,0,0,0,0,0,False,比赛时间结束(手动模式),0,12,0
-0.999375,225,381.423216,1468,163,225,0,0,0,0,0,0,1,False,,0,0,1
-1.008559,549,381.911129,1469,172,549,0,0,0,1,0,0,1,False,,0,9,3
-1.041364,498,382.354944,1470,155,498,0,0,0,1,0,0,1,False,,0,2,3
-1.098539,975,384.201796,1471,163,975,0,0,0,0,0,0,1,False,,0,0,1
1.040732,237,384.453353,1472,177,237,0,1,1,0,0,0,0,False,,0,3,0
1.044249,199,384.679945,1473,181,199,0,1,1,0,0,0,0,False,,0,3,0
-1.008625,75,384.806721,1474,175,75,0,0,0,0,0,0,1,False,,0,0,1
-1.05308,683,385.388147,1475,172,683,0,0,0,1,0,0,1,False,,0,3,3
-0.171592,2223,387.906759,1476,177,2223,0,0,0,1,0,0,0,False,比赛时间结束(手动模式),0,13,3
-0.199546,2235,390.515022,1477,165,2235,0,0,0,0,0,0,0,False,比赛时间结束(手动模式),0,12,0
0.0,1,391.133554,1478,-1,0,-1,0,0,0,0,0,0,False,恢复次数超限 → 停车,0,0,8
-0.225496,2219,393.768949,1479,181,2219,0,0,0,0,0,0,0,False,比赛时间结束(手动模式),0,12,0
-0.24349,2234,397.521986,1480,166,2234,0,0,0,0,0,0,0,False,比赛时间结束(手动模式),0,0,0
-1.019006,235,397.794945,1481,160,235,0,0,0,0,0,0,1,False,,0,1,1
-0.969741,171,397.996231,1482,168,171,0,0,0,0,0,0,1,False,,0,0,1
0.0,1,398.30363,1483,-1,0,-1,0,0,0,0,0,0,False,恢复次数超限 → 停车,0,0,3
0.0,1,398.892005,1484,-1,0,-1,0,0,0,0,0,0,False,恢复次数超限 → 停车,0,0,14
-0.459906,249,399.150152,1485,160,249,0,0,0,0,1,1,0,False,,0,0,0
-0.97909,271,399.432363,1486,168,271,0,0,0,0,0,0,1,False,,0,0,1
-1.074889,792,400.084965,1487,156,792,0,0,0,0,0,0,1,False,,0,3,0
-0.987661,412,401.536483,1488,182,412,0,0,1,0,0,0,1,False,,0,4,1
1.052732,122,401.703534,1489,173,122,0,1,1,0,0,0,0,False,,0,3,0
-1.003703,72,401.824079,1490,164,72,0,0,0,0,0,0,1,False,,0,0,1
1.018262,443,402.228888,1491,166,443,0,1,1,1,0,0,0,False,,0,5,3
-0.980215,186,402.441089,1492,167,186,0,0,0,0,0,0,1,False,,0,0,1
-1.012945,130,402.605115,1493,155,130,0,0,0,0,0,0,1,False,,0,0,1
-0.165351,2232,405.491755,1494,168,2232,0,0,0,1,0,0,0,False,比赛时间结束(手动模式),0,11,3
-1.003,30,405.587026,1495,167,30,0,0,0,0,0,0,1,False,,0,0,1
-0.161904,2236,408.10892,1496,164,2236,0,0,0,1,0,0,0,False,比赛时间结束(手动模式),0,0,3
1.047035,171,408.330987,1497,177,171,0,1,1,0,0,0,0,False,,0,3,0
-0.99026,155,408.544785,1498,183,155,0,0,0,0,0,0,1,False,,0,0,1
-1.034795,360,409.84791,1499,172,360,0,0,0,0,0,0,1,False,,0,2,1
-0.966074,155,410.038891,1500,164,155,0,0,0,0,0,0,1,False,,0,0,1
1.055678,68,410.158072,1501,173,68,0,1,1,0,0,0,0,False,,0,3,0
-0.461618,263,410.425219,1502,163,263,0,0,0,0,1,1,0,False,,0,0,0
-1.101242,836,411.151517,1503,183,836,0,0,0,0,0,0,1,False,,0,0,1
-0.226821,2248,413.759816,1504,152,2248,0,0,0,0,0,0,0,False,比赛时间结束(手动模式),0,13,0
-0.209779,2234,416.293667,1505,166,2234,0,0,0,1,0,0,0,False,比赛时间结束(手动模式),0,12,3
-0.467555,325,417.630864,1506,182,325,0,0,0,0,1,1,0,False,,0,1,0
1.043001,218,417.87,1507,168,218,0,1,1,0,0,0,0,False,,0,3,0
-1.0023,23,417.954567,1508,166,23,0,0,0,0,0,0,1,False,,0,0,1
-1.0024,24,418.036363,1509,167,24,0,0,0,0,0,0,1,False,,0,0,1
-1.005607,223,418.273273,1510,166,223,0,0,0,1,0,0,1,False,,0,1,3
-0.208859,2231,420.896962,1511,169,2231,0,0,0,1,0,0,0,False,比赛时间结束(手动模式),0,1,3
-1.0029,29,420.979935,1512,152,29,0,0,0,0,0,0,1,False,,0,0,1
-0.192503,2211,423.555651,1513,189,2211,0,0,0,0,0,0,0,False,比赛时间结束(手动模式),0,15,3
-0.024619,885,424.293064,1514,160,885,0,0,0,1,0,0,0,False,,0,3,3
-0.2245,2245,427.673251,1515,155,2245,0,0,0,0,0,0,0,False,比赛时间结束(手动模式),0,0,0
-0.186461,2235,430.274348,1516,165,2235,0,0,0,1,0,0,0,False,比赛时间结束(手动模式),0,3,3
1.048689,158,430.469846,1517,177,158,0,1,1,0,0,0,0,False,,0,3,0
-0.21638,2234,433.17638,1518,166,2234,0,0,0,0,0,0,0,False,比赛时间结束(手动模式),0,0,0
-0.459046,235,433.419004,1519,156,235,0,0,0,0,1,1,0,False,,0,0,0
0.05157,134,433.593116,1520,163,134,0,0,0,1,0,0,0,False,,0,0,3
-1.012,120,433.746179,1521,165,120,0,0,0,0,0,0,1,False,,0,0,1
-1.050508,691,434.30793,1522,164,691,0,0,0,0,0,0,1,False,,0,0,1
0.0,1,434.855413,1523,-1,0,-1,0,0,0,0,0,0,False,恢复次数超限 → 停车,0,6,6
-1.0057,57,434.963004,1524,168,57,0,0,0,0,0,0,1,False,,0,0,1
-1.008832,133,435.123439,1525,152,133,0,0,0,0,0,0,1,False,,0,0,1
-0.973721,165,436.321798,1526,175,165,0,0,0,0,0,0,1,False,,0,7,0
0.044774,194,436.56643,1527,175,194,0,0,0,1,0,0,0,False,,0,0,3
-0.984561,67,436.678,1528,164,67,0,0,0,0,0,0,1,False,,0,0,1
-1.004445,71,436.798544,1529,166,71,0,0,0,0,0,0,1,False,,0,0,1
-0.181897,2233,439.417933,1530,167,2233,0,0,0,0,0,0,0,False,比赛时间结束(手动模式),0,13,0
-0.163532,2219,442.225042,1531,181,2219,0,0,0,0,0,0,0,False,比赛时间结束(手动模式),0,8,0
-1.040629,407,442.588591,1532,177,407,0,0,0,0,0,0,1,False,,0,1,1
-1.016451,125,442.773262,1533,181,125,0,0,0,0,0,0,1,False,,0,2,0
0.0,1,443.613554,1534,-1,0,-1,0,0,0,0,0,0,False,恢复次数超限 → 停车,0,0,5
-1.008538,320,443.932081,1535,170,320,0,0,0,0,0,1,1,False,,0,2,1
-1.117501,1790,446.186565,1536,155,1790,0,0,0,0,0,0,1,False,,0,6,0
-0.456918,209,446.425823,1537,177,209,0,0,0,0,1,1,0,False,,0,0,0
-1.006396,193,446.637472,1538,163,193,0,0,0,0,0,0,1,False,,0,0,1
1.03908,256,446.904183,1539,172,256,0,1,1,0,0,0,0,False,,0,3,0
-0.189794,2227,450.542846,1540,173,2227,0,0,0,1,0,0,0,False,比赛时间结束(手动模式),0,11,3
0.0,1,451.217538,1541,-1,0,-1,0,0,0,0,0,0,False,恢复次数超限 → 停车,0,0,12
1.05111,135,451.389124,1542,172,135,0,1,1,0,0,0,0,False,,0,3,0
-0.021952,903,452.250074,1543,243,903,0,0,0,2,0,0,0,False,,0,4,9
-1.00621,269,452.534205,1544,170,269,0,0,0,0,0,0,1,False,,0,1,1
-0.182965,2237,455.06583,1545,163,2237,0,0,0,0,0,1,0,False,比赛时间结束(手动模式),0,11,0
-1.004979,216,455.310455,1546,167,216,0,0,0,0,0,0,1,False,,0,2,1
-1.019088,75,455.425556,1547,164,75,0,0,0,0,0,0,1,False,,0,0,1
-1.038359,188,456.616155,1548,162,188,0,0,0,0,0,0,1,False,,0,0,1
0.0,1,457.025883,1549,-1,0,-1,0,0,0,0,0,0,False,恢复次数超限 → 停车,0,0,4
-1.0272,572,457.500047,1550,155,572,0,0,0,0,0,0,1,False,,0,1,1
-1.028115,281,457.772513,1551,155,281,0,0,0,0,0,0,1,False,,0,1,1
-0.160937,2235,460.386427,1552,165,2235,0,0,0,0,0,0,0,False,比赛时间结束(手动模式),0,11,0
-0.223736,2219,462.769917,1553,181,2219,0,0,0,0,0,0,0,False,比赛时间结束(手动模式),0,0,0
-0.228011,2240,465.534418,1554,160,2240,0,0,0,0,0,0,0,False,比赛时间结束(手动模式),0,13,0
-0.226083,2237,468.378977,1555,163,2237,0,0,0,1,0,0,0,False,比赛时间结束(手动模式),0,11,3
-0.249805,2227,471.072875,1556,173,2227,0,0,0,0,0,1,0,False,比赛时间结束(手动模式),0,11,0
-1.024622,420,472.509004,1557,160,420,0,0,0,0,0,1,1,False,,0,3,0
-0.197904,2228,475.182022,1558,172,2228,0,0,0,1,0,0,0,False,比赛时间结束(手动模式),0,0,3
1.039299,253,475.465817,1559,164,253,0,1,1,0,0,0,0,False,,0,3,0
-0.997325,110,475.631135,1560,181,110,0,0,0,0,0,0,1,False,,0,0,1
-0.200568,2236,478.43005,1561,164,2236,0,0,0,1,0,0,0,False,比赛时间结束(手动模式),0,15,3
-0.975935,112,478.613854,1562,243,112,0,0,0,0,0,0,1,False,,0,0,4
-0.21963,2234,481.308684,1563,166,2234,0,0,0,1,0,0,0,False,比赛时间结束(手动模式),0,10,3
-0.220577,2245,483.869114,1564,155,2245,0,0,0,1,0,0,0,False,比赛时间结束(手动模式),0,19,0
0.032757,321,484.176527,1565,166,321,0,0,0,1,0,1,0,False,,0,3,3
-1.080927,994,486.012299,1566,157,994,0,0,0,1,0,0,1,False,,0,5,3
-1.0029,29,486.092861,1567,149,29,0,0,0,0,0,0,1,False,,0,0,1
1.04314,213,486.3185,1568,160,213,0,1,1,0,0,0,0,False,,0,3,0
-1.016,160,486.501805,1569,170,160,0,0,0,0,0,0,1,False,,0,0,1
-0.17152,2243,489.10499,1570,157,2243,0,0,0,0,0,1,0,False,比赛时间结束(手动模式),0,10,0
-1.028506,275,489.383512,1571,157,275,0,0,0,0,0,0,1,False,,0,3,0
-0.166235,2242,491.949262,1572,158,2242,0,0,0,0,0,0,0,False,比赛时间结束(手动模式),0,8,0
-0.164952,2232,494.801432,1573,168,2232,0,0,0,1,0,0,0,False,比赛时间结束(手动模式),0,8,3
-1.036174,916,496.631088,1574,172,916,0,0,0,1,0,0,1,False,,0,4,3
-1.007032,172,496.831014,1575,166,172,0,0,0,0,0,0,1,False,,0,0,1
-1.121021,1236,498.945216,1576,172,1236,0,0,0,0,0,0,1,False,,0,2,0
-0.454253,190,499.167785,1577,177,190,0,0,0,0,1,1,0,False,,0,0,0
-1.0149,149,499.352015,1578,165,149,0,0,0,0,0,0,1,False,,0,0,1
-0.215978,2245,501.600245,1579,155,2245,0,0,0,1,0,0,0,False,比赛时间结束(手动模式),0,13,3
-1.028847,282,501.883028,1580,166,282,0,0,0,0,0,0,1,False,,0,3,0
-0.215455,2245,504.263822,1581,155,2245,0,0,0,1,0,0,0,False,比赛时间结束(手动模式),0,12,3
-1.0173,173,504.455969,1582,165,173,0,0,0,0,0,0,1,False,,0,1,1
-0.190697,2236,507.239955,1583,164,2236,0,0,0,1,0,0,0,False,比赛时间结束(手动模式),0,12,3
-1.0059,59,507.342355,1584,152,59,0,0,0,0,0,0,1,False,,0,0,1
-1.043421,414,508.730886,1585,165,414,0,0,0,0,0,0,1,False,,0,0,1
-0.239902,2234,511.349991,1586,166,2234,0,0,0,0,0,0,0,False,比赛时间结束(手动模式),0,0,0
-1.113685,1196,512.139992,1587,164,1196,0,0,0,0,0,0,1,False,,0,7,0
-0.164065,2243,514.9578,1588,157,2243,0,0,0,1,0,0,0,False,比赛时间结束(手动模式),0,11,3
0.0,1,515.416936,1589,-1,0,-1,0,0,0,0,0,0,False,恢复次数超限 → 停车,0,0,6
-1.177111,2074,518.013677,1590,152,2074,0,0,0,0,0,1,1,False,,0,9,0
-1.111686,1216,519.857254,1591,182,1216,0,0,0,0,0,1,1,False,,0,5,1
-0.198161,2237,522.312318,1592,163,2237,0,0,0,0,0,0,0,False,比赛时间结束(手动模式),0,12,0
-0.209145,2223,524.892116,1593,177,2223,0,0,0,0,0,0,0,False,比赛时间结束(手动模式),0,7,0
-0.004188,688,525.468008,1594,170,688,0,0,0,2,0,0,0,False,,0,1,6
-1.056866,728,527.208986,1595,157,728,0,0,0,0,0,0,1,False,,0,2,0
-1.022393,219,527.430812,1596,161,219,0,0,0,0,0,0,1,False,,0,0,1
-0.997635,182,527.64505,1597,183,182,0,0,0,0,0,0,1,False,,0,0,1
-0.455018,193,527.86343,1598,164,193,0,0,0,0,1,1,0,False,,0,0,0
0.0,1,528.722569,1599,-1,0,-1,0,0,0,0,0,0,False,恢复次数超限 → 停车,0,0,5
-1.021429,652,529.296784,1600,160,652,0,0,0,1,0,0,1,False,,0,3,3
-0.214659,2219,531.890034,1601,181,2219,0,0,0,1,0,0,0,False,比赛时间结束(手动模式),0,12,3
-0.222087,2219,535.353572,1602,181,2219,0,0,0,0,0,0,0,False,比赛时间结束(手动模式),0,1,0
-1.030569,613,535.93655,1603,170,613,0,0,0,0,0,0,1,False,,0,5,0
-1.008785,65,536.050378,1604,170,65,0,0,0,0,0,0,1,False,,0,0,1
-1.012172,172,536.266737,1605,177,172,0,0,0,0,0,0,1,False,,0,0,1
-0.458486,231,536.529143,1606,172,231,0,0,0,0,1,1,0,False,,0,0,0
-0.214707,2237,539.413753,1607,163,2237,0,0,0,1,0,0,0,False,比赛时间结束(手动模式),0,11,3
-0.226411,2218,542.059781,1608,182,2218,0,0,0,0,0,0,0,False,比赛时间结束(手动模式),0,8,0
-0.218974,2223,544.919046,1609,177,2223,0,0,0,0,0,1,0,False,比赛时间结束(手动模式),0,11,0
-0.991599,362,545.27443,1610,167,362,0,0,0,0,0,0,1,False,,0,0,1
1.042894,215,546.642641,1611,156,215,0,1,1,0,0,0,0,False,,0,3,0
-0.208999,2157,549.450609,1612,243,2157,0,0,0,0,0,0,0,False,比赛时间结束(手动模式),0,12,3
-0.225314,2219,551.999861,1613,181,2219,0,0,0,0,0,0,0,False,比赛时间结束(手动模式),0,1,0
-0.989058,99,552.146169,1614,167,99,0,0,0,0,0,0,1,False,,0,0,1
-0.185048,2248,555.030095,1615,152,2248,0,0,0,0,0,0,0,False,比赛时间结束(手动模式),0,12,0
-1.050069,656,555.611475,1616,175,656,0,0,0,0,0,1,1,False,,0,5,0
0.936461,1166,557.477114,1617,170,1166,0,1,1,0,0,0,0,False,,0,5,0
-1.0075,75,557.595809,1618,155,75,0,0,0,0,0,0,1,False,,0,2,0
-0.227781,2234,560.306525,1619,166,2234,0,0,0,1,0,0,0,False,比赛时间结束(手动模式),0,11,3
0.01557,490,560.728453,1620,168,490,0,0,0,1,0,0,0,False,,0,1,3
-1.0122,122,560.882652,1621,166,122,0,0,0,0,0,0,1,False,,0,0,1
-1.026,260,561.140577,1622,164,260,0,0,0,0,0,0,1,False,,0,3,0
0.01406,500,562.566057,1623,164,500,0,0,0,1,0,0,0,False,,0,1,3
-0.03557,997,563.426413,1624,177,997,0,0,0,1,0,0,0,False,,0,4,3
-1.035076,474,563.837145,1625,175,474,0,0,0,0,0,0,1,False,,0,2,1
-0.228173,2233,566.758586,1626,167,2233,0,0,0,0,0,0,0,False,比赛时间结束(手动模式),0,7,0
-0.99401,155,566.941158,1627,165,155,0,0,0,0,0,0,1,False,,0,0,1
0.003354,608,568.634516,1628,167,608,0,0,0,2,0,0,0,False,,0,0,6
-1.010224,73,568.757055,1629,177,73,0,0,0,0,0,0,1,False,,0,0,1
-0.459011,240,569.015617,1630,172,240,0,0,0,0,1,1,0,False,,0,0,0
-0.226531,2219,571.546817,1631,181,2219,0,0,0,0,0,0,0,False,比赛时间结束(手动模式),0,0,0
-0.452493,170,571.753108,1632,177,170,0,0,0,0,1,1,0,False,,0,0,0
-0.201796,2223,574.444893,1633,177,2223,0,0,0,0,0,0,0,False,比赛时间结束(手动模式),0,10,0
0.0,1,575.054597,1634,-1,0,-1,0,0,0,0,0,0,False,恢复次数超限 → 停车,0,0,7
-1.041487,483,575.479721,1635,155,483,0,0,0,0,0,0,1,False,,0,2,1
-1.051499,613,577.094353,1636,155,613,0,0,0,1,0,0,1,False,,0,2,4
-0.219679,2230,579.750097,1637,170,2230,0,0,0,0,0,1,0,False,比赛时间结束(手动模式),0,11,0
-1.050442,790,580.379741,1638,168,790,0,0,0,0,0,0,1,False,,0,4,0
-0.174777,2234,583.045717,1639,166,2234,0,0,0,0,0,0,0,False,比赛时间结束(手动模式),0,3,0
-1.0656,656,584.639001,1640,172,656,0,0,0,0,0,0,1,False,,0,3,0
-1.094682,953,585.382023,1641,165,953,0,0,0,0,0,0,1,False,,0,0,1
0.031127,337,585.703176,1642,177,337,0,0,0,2,0,0,0,False,,0,1,6
-1.013141,171,585.893298,1643,160,171,0,0,1,0,0,0,1,False,,0,0,7
-1.065682,744,587.579941,1644,165,744,0,0,0,0,0,0,1,False,,0,0,1
0.0,1,588.164412,1645,-1,0,-1,0,0,0,0,0,0,False,恢复次数超限 → 停车,0,0,7
1.052978,113,588.306158,1646,145,113,0,1,1,0,0,0,0,False,,0,3,0
1.050193,142,588.493797,1647,177,142,0,1,1,0,0,0,0,False,,0,3,0
-0.206422,2228,591.067833,1648,172,2228,0,0,0,0,0,0,0,False,比赛时间结束(手动模式),0,0,0
-0.988631,477,591.492026,1649,189,477,0,0,0,1,0,0,1,False,,0,0,7
-1.010676,718,592.109673,1650,164,718,0,0,0,0,0,0,1,False,,0,2,1
-0.211991,2232,595.534453,1651,168,2232,0,0,0,0,0,0,0,False,比赛时间结束(手动模式),0,0,0
-0.179168,2219,598.198855,1652,181,2219,0,0,0,1,0,0,0,False,比赛时间结束(手动模式),0,3,3
-1.010776,98,598.351782,1653,182,98,0,0,0,0,0,0,1,False,,0,0,1
-1.020641,335,598.667875,1654,177,335,0,0,0,1,0,0,1,False,,0,2,3
-0.194367,2230,601.212904,1655,170,2230,0,0,0,1,0,0,0,False,比赛时间结束(手动模式),0,11,3
-0.180911,2251,603.845335,1656,149,2251,0,0,0,1,0,0,0,False,比赛时间结束(手动模式),0,2,3
-0.187444,2243,606.449888,1657,157,2243,0,0,0,1,0,0,0,False,比赛时间结束(手动模式),0,12,3
-1.092475,921,608.203215,1658,167,921,0,0,0,1,0,0,1,False,,0,4,3
-0.450677,154,608.401647,1659,165,154,0,0,0,0,1,1,0,False,,0,0,0
-0.191181,2240,611.162239,1660,160,2240,0,0,0,0,0,0,0,False,比赛时间结束(手动模式),0,8,0
-0.1761,2228,613.537483,1661,172,2228,0,0,0,1,0,0,0,False,比赛时间结束(手动模式),0,9,3
-1.0051,51,613.641856,1662,166,51,0,0,0,0,0,0,1,False,,0,0,1
-0.16447,2230,616.214828,1663,170,2230,0,0,0,0,0,0,0,False,比赛时间结束(手动模式),0,10,0
-0.224851,2231,618.915154,1664,169,2231,0,0,0,0,0,0,0,False,比赛时间结束(手动模式),0,1,0
-0.164217,2230,621.542521,1665,170,2230,0,0,0,0,0,1,0,False,比赛时间结束(手动模式),0,2,0
-1.0173,173,621.740082,1666,152,173,0,0,0,0,0,0,1,False,,0,0,1
-0.957331,163,621.93361,1667,166,163,0,0,0,0,0,0,1,False,,0,0,1
-1.028265,250,622.193671,1668,181,250,0,0,0,0,0,0,1,False,,0,3,1
-0.497271,609,623.721322,1669,160,609,0,0,0,0,1,1,0,False,,0,2,0
-1.008464,71,623.844556,1670,181,71,0,0,0,0,0,0,1,False,,0,0,1
-1.0023,23,623.923794,1671,164,23,0,0,0,0,0,0,1,False,,0,0,1
-1.140804,1314,624.996192,1672,165,1314,0,0,0,1,0,0,1,False,,0,7,4
0.0,1,625.774991,1673,-1,0,-1,0,0,0,0,0,0,False,恢复次数超限 → 停车,0,0,7
-0.229772,2240,628.410688,1674,160,2240,0,0,0,0,0,0,0,False,比赛时间结束(手动模式),0,13,0
-1.000586,580,629.797268,1675,158,580,0,0,0,1,0,0,1,False,,0,0,4
-0.217094,2223,632.398532,1676,177,2223,0,0,0,0,0,0,0,False,比赛时间结束(手动模式),0,0,0
0.0,1,632.914425,1677,-1,0,-1,0,0,0,0,0,0,False,比赛时间结束,0,0,2
-0.182262,2223,635.33614,1678,177,2223,0,0,0,0,0,1,0,False,比赛时间结束(手动模式),0,12,0
-1.022155,297,635.627795,1679,160,297,0,0,0,0,0,0,1,False,,0,1,1
-1.11862,1672,637.823055,1680,189,1672,0,0,0,0,0,1,1,False,,0,9,3
-1.068786,728,638.476762,1681,181,728,0,0,0,1,0,0,1,False,,0,4,3
-1.005666,149,638.652245,1682,149,149,0,0,0,0,0,0,1,False,,0,0,1
-0.204914,2237,641.407983,1683,163,2237,0,0,0,1,0,0,0,False,比赛时间结束(手动模式),0,11,3
-1.009092,149,641.590987,1684,176,149,0,0,0,0,0,0,1,False,,0,0,1
-0.226744,2223,645.167768,1685,177,2223,0,0,0,1,0,0,0,False,比赛时间结束(手动模式),0,11,3
1.043068,216,645.4077,1686,160,216,0,1,1,0,0,0,0,False,,0,3,0
0.0,1,645.767583,1687,-1,0,-1,0,0,0,0,0,0,False,恢复次数超限 → 停车,0,0,2
-0.196256,2223,648.284698,1688,177,2223,0,0,0,0,0,0,0,False,比赛时间结束(手动模式),0,12,0
-0.460344,249,648.557566,1689,167,249,0,0,0,0,1,1,0,False,,0,0,0
-1.0665,665,649.167743,1690,169,665,0,0,0,0,0,0,1,False,,0,5,0
-0.454366,190,649.40116,1691,166,190,0,0,0,0,1,1,0,False,,0,0,0
0.0,1,650.021158,1692,-1,0,-1,0,0,0,0,0,0,False,恢复次数超限 → 停车,0,0,16
0.019775,447,651.600757,1693,172,447,0,0,0,1,0,0,0,False,,0,1,3
0.0,1,652.326698,1694,-1,0,-1,0,0,0,0,0,0,False,恢复次数超限 → 停车,0,1,16
-1.019099,235,652.613633,1695,166,235,0,0,0,0,0,0,1,False,,0,0,1
0.0,1,653.375514,1696,-1,0,-1,0,0,0,0,0,0,False,恢复次数超限 → 停车,0,0,16
0.019514,448,654.268467,1697,152,448,0,0,0,2,0,0,0,False,,0,2,6
-0.190597,2223,657.116712,1698,177,2223,0,0,0,1,0,0,0,False,比赛时间结束(手动模式),0,11,3
-1.113451,1262,659.177385,1699,177,1262,0,0,0,1,0,0,1,False,,0,7,3
-1.0015,15,659.284495,1700,164,15,0,0,0,0,0,0,1,False,,0,0,1
0.010526,534,659.787462,1701,164,534,0,0,0,1,0,0,0,False,,0,2,3
-0.195361,2235,662.631085,1702,165,2235,0,0,0,0,0,1,0,False,比赛时间结束(手动模式),0,11,0
-0.183441,2225,665.533414,1703,175,2225,0,0,0,1,0,0,0,False,比赛时间结束(手动模式),0,11,3
-1.197094,1926,668.116654,1704,175,1926,0,0,0,0,0,1,1,False,,0,9,0
-1.036698,672,668.76288,1705,164,672,0,0,0,1,0,0,1,False,,0,5,3
-0.174179,2231,671.617394,1706,169,2231,0,0,0,1,0,0,0,False,比赛时间结束(手动模式),0,11,3
-0.195186,2243,674.354097,1707,157,2243,0,0,0,0,0,0,0,False,比赛时间结束(手动模式),0,11,0
-0.989215,169,675.619186,1708,166,169,0,0,0,0,0,0,1,False,,0,0,1
-0.166174,2237,678.557833,1709,163,2237,0,0,0,0,0,0,0,False,比赛时间结束(手动模式),0,10,0
-0.210781,2235,681.348706,1710,165,2235,0,0,0,1,0,0,0,False,比赛时间结束(手动模式),0,12,3
-0.169946,2236,684.607808,1711,164,2236,0,0,0,0,0,0,0,False,比赛时间结束(手动模式),0,8,0
-1.025533,407,685.253747,1712,166,407,0,0,0,0,0,0,1,False,,0,0,1
-0.94738,180,685.540857,1713,189,180,0,0,0,0,0,0,1,False,,0,1,2
-0.212314,2235,688.918155,1714,165,2235,0,0,0,1,0,0,0,False,比赛时间结束(手动模式),0,13,3
0.0,1,689.618042,1715,-1,0,-1,0,0,0,0,0,0,False,恢复次数超限 → 停车,0,2,0
-0.170971,2242,692.880213,1716,158,2242,0,0,0,0,0,0,0,False,比赛时间结束(手动模式),0,9,0
-0.462995,242,693.18862,1717,163,242,0,0,0,0,1,1,0,False,,0,2,0
-0.2285,2240,697.177866,1718,160,2240,0,0,0,0,0,0,0,False,比赛时间结束(手动模式),0,0,0
-1.045224,695,698.062908,1719,177,695,0,0,0,0,0,0,1,False,,0,0,1
0.0,1,698.714354,1720,-1,0,-1,0,0,0,0,0,0,False,比赛时间结束,0,0,13
-0.169874,2231,701.925789,1721,169,2231,0,0,0,1,0,0,0,False,比赛时间结束(手动模式),0,11,3
-0.004553,693,702.620199,1722,161,693,0,0,0,1,0,0,0,False,,0,2,3
-1.001,10,702.697473,1723,155,10,0,0,0,0,0,0,1,False,,0,0,1
-0.455206,202,702.955727,1724,163,202,0,0,0,0,1,1,0,False,,0,0,0
-1.0036,36,703.058729,1725,155,36,0,0,0,0,0,0,1,False,,0,0,1
