rollout/ep_len_mean,time/fps,time/total_timesteps,time/time_elapsed,rollout/ep_rew_mean,time/iterations,train/std,train/learning_rate,train/entropy_loss,train/approx_kl,train/explained_variance,train/loss,train/clip_range,train/policy_gradient_loss,train/value_loss,train/n_updates,train/clip_fraction
27.46153846153846,793,2048,2,-1.0031559230769231,1,,,,,,,,,,,
178.9375,787,4096,5,-0.95468975,2,1.0009546279907227,0.0003,-2.8377901926636695,0.009469772,-0.3666105270385742,0.010083222761750221,0.2,-0.00991928537550848,0.038990597987140066,10,0.1015625
231.76923076923077,664,6144,9,-0.825733846153846,3,0.9984244108200073,0.0003,-2.8368673264980315,0.004065724,0.8611027002334595,0.004236753098666668,0.2,-0.002637431561743142,0.003926353092538193,20,0.02236328125
246.19354838709677,647,8192,12,-0.7915761290322579,4,0.9987955093383789,0.0003,-2.833886793255806,0.009265414,0.460219144821167,-0.018417995423078537,0.2,-0.009163603466004134,0.022493841277901085,30,0.096240234375
243.28571428571428,645,10240,15,-0.8288258333333334,5,0.9844794273376465,0.0003,-2.820944733917713,0.006612302,0.8574778437614441,-0.006656539626419544,0.2,-0.005065495437884237,0.012243666964786825,40,0.06357421875
229.64583333333334,623,12288,19,-0.8094755833333332,6,0.9738211631774902,0.0003,-2.7931921914219857,0.006671856,0.9055452346801758,0.02035696990787983,0.2,-0.004544418174918974,0.010917441350466106,50,0.044140625
234.2295081967213,625,14336,22,-0.8291199836065573,7,0.9664342403411865,0.0003,-2.7765719518065453,0.005042282,0.606020450592041,-0.013198141008615494,0.2,-0.0036118670170253607,0.012394820371628156,60,0.05146484375
234.4,631,16384,25,-0.8411183692307693,8,0.948508620262146,0.0003,-2.750809270888567,0.008019578,0.4433431029319763,-0.0010626167058944702,0.2,-0.004596073604625417,0.02169973010313697,70,0.057177734375
243.6081081081081,632,18432,29,-0.8220069594594595,9,0.9520781636238098,0.0003,-2.733688361942768,0.005358084,0.451119065284729,0.015458165667951107,0.2,-0.005245793622452766,0.009981627560046035,80,0.076611328125
270.18666666666667,642,20480,31,-0.8140264266666667,10,0.9518240690231323,0.0003,-2.7380395315587522,0.005728803,0.7200405597686768,-0.014762877486646175,0.2,-0.006354707309219521,0.014084356394596398,90,0.075390625
277.6125,650,22528,34,-0.8281872,11,0.948692798614502,0.0003,-2.7354824647307394,0.0057498775,0.9472112655639648,-0.023376720026135445,0.2,-0.004637154951342382,0.0002756113057444054,100,0.055908203125
301.6296296296296,663,24576,37,-0.8206623209876542,12,0.948622465133667,0.0003,-2.7288469187915325,0.0071401703,0.5771628022193909,-0.0035629412159323692,0.2,-0.007822075205331203,0.009375145880767377,110,0.07177734375
274.29896907216494,638,26624,41,-0.7776779072164949,13,0.9412742257118225,0.0003,-2.7242456413805485,0.006667993,0.09105944633483887,-0.04513806477189064,0.2,-0.007980054256040602,0.00043501682080204773,120,0.04873046875
275.25,643,28672,44,-0.77457052,14,0.9301251173019409,0.0003,-2.7014417380094526,0.006562358,0.4153628349304199,0.030383124947547913,0.2,-0.003821957179388846,0.026954132206446955,130,0.06103515625
297.42,652,30720,47,-0.7670510499999998,15,0.9084906578063965,0.0003,-2.6638269312679768,0.003707205,0.7869129776954651,-0.024059254676103592,0.2,-0.0033283955250226426,0.004233613120504742,140,0.03984375
324.22,654,32768,50,-0.7539032200000001,16,0.9053611755371094,0.0003,-2.641066038608551,0.0053241467,0.9225996732711792,-0.0040902504697442055,0.2,-0.005576005985494703,0.00039712498651169883,150,0.0451171875
315.0,657,34816,52,-0.7416383599999999,17,0.9147512912750244,0.0003,-2.6457440830767154,0.0065498683,0.7445892095565796,0.027566149830818176,0.2,-0.006552675252896734,0.010100420270464382,160,0.07626953125
315.15,662,36864,55,-0.7420741099999998,18,0.9227199554443359,0.0003,-2.6661042593419553,0.005782972,0.47143489122390747,0.001391880214214325,0.2,-0.003923988598398864,0.023551462500472554,170,0.05166015625
335.59,666,38912,58,-0.7335206299999999,19,0.9159541130065918,0.0003,-2.6652679473161696,0.014136134,0.877456784248352,-0.023518016561865807,0.2,-0.00984538594238984,0.0011147140335879158,180,0.12890625
343.31,670,40960,61,-0.7442830599999999,20,0.9161046743392944,0.0003,-2.6582890450954437,0.00439692,0.6106611490249634,-0.020927248522639275,0.2,-0.004384198653860949,0.0017536631821712945,190,0.0435546875
327.38,659,43008,65,-0.7740948900000001,21,0.9217686653137207,0.0003,-2.665498846769333,0.004483358,0.5173285603523254,0.0016467006644234061,0.2,-0.00018824142098310402,0.005610788649119058,200,0.022705078125
327.26,656,45056,68,-0.73321505,22,0.9163218140602112,0.0003,-2.6658912979066374,0.0038012117,0.4780014753341675,0.003952912986278534,0.2,-0.0015115906164282933,0.01960905789601384,210,0.02255859375
349.32,659,47104,71,-0.7254573200000002,23,0.9083994626998901,0.0003,-2.653708241134882,0.0050315913,0.6949188113212585,0.013619770295917988,0.2,-0.005002811575104715,0.007733187211488257,220,0.054248046875
370.76,658,49152,74,-0.72696168,24,0.914478063583374,0.0003,-2.652207475155592,0.004073128,0.9400736689567566,0.004035323858261108,0.2,-0.0036772235223907048,0.00038732533554366457,230,0.034375
378.38,662,51200,77,-0.73767431,25,0.91392982006073,0.0003,-2.658209013193846,0.007593358,0.85099858045578,0.021429389715194702,0.2,-0.006079910788685083,0.0042974934497578944,240,0.0650390625
378.38,667,53248,79,-0.73767431,26,0.921366810798645,0.0003,-2.665811648964882,0.0075138425,0.7490944862365723,-0.0022290456108748913,0.2,-0.004547584285319317,0.00862932430645742,250,0.071044921875
406.69,668,55296,82,-0.7196971499999999,27,0.9270075559616089,0.0003,-2.6804172322154045,0.0049560596,0.20638424158096313,-0.0241742841899395,0.2,-0.0008824082222417928,2.8438948394438057e-05,260,0.041650390625
427.78,671,57344,85,-0.7113027399999998,28,0.9393267631530762,0.0003,-2.6999132998287676,0.0064181476,0.3597719073295593,-0.011692697182297707,0.2,-0.004391228580789175,0.012744443409246742,270,0.061181640625
447.12,674,59392,88,-0.6928568099999999,29,0.9451528787612915,0.0003,-2.719709561765194,0.007233453,0.4159923195838928,-0.0052290745079517365,0.2,-0.006203015778010012,0.003913702331738022,280,0.08212890625
441.9,676,61440,90,-0.69238736,30,0.9469757080078125,0.0003,-2.727197551727295,0.0035334527,0.6661330461502075,0.005808442831039429,0.2,-0.00033391269607818685,0.002462970313195001,290,0.03515625
444.85,662,63488,95,-0.65246102,31,0.9480364322662354,0.0003,-2.7287726998329163,0.0045806943,0.6054074764251709,-0.013311338610947132,0.2,-0.002829805034707533,0.0009131166505767397,300,0.042626953125
406.98,658,65536,99,-0.6424867200000002,32,0.9380660057067871,0.0003,-2.719703408330679,0.0050094575,0.5172741413116455,0.004004321992397308,0.2,-0.0034034692482237004,0.010787452355725691,310,0.049853515625
408.7,653,67584,103,-0.6581769500000001,33,0.9367022514343262,0.0003,-2.7052564881742,0.0052509317,0.29200267791748047,-0.02143152244389057,0.2,-0.004615519799699541,0.009968640395527473,320,0.055810546875
429.13,656,69632,105,-0.6500643600000001,34,0.9272258281707764,0.0003,-2.6957095198333265,0.004895852,0.6187641620635986,-0.02221224084496498,0.2,-0.001992964079545345,0.006877759471171885,330,0.04345703125
451.27,659,71680,108,-0.6423292099999999,35,0.9345358610153198,0.0003,-2.696157392114401,0.006340622,0.7573829889297485,-0.01958153024315834,0.2,-0.005014035948261153,0.003558042853092047,340,0.059619140625
475.64,657,73728,112,-0.6337304299999998,36,0.924784243106842,0.0003,-2.6903490625321864,0.0074560987,0.6693563461303711,-0.020298678427934647,0.2,-0.0023191238768049518,0.0004124671519775802,350,0.056494140625
498.3,653,75776,115,-0.6555288699999999,37,0.9120842218399048,0.0003,-2.6641648851335047,0.006418164,0.37516021728515625,0.001784555264748633,0.2,-0.004444678781874245,0.003113092425837749,360,0.063818359375
498.36,652,77824,119,-0.65553487,38,0.9184314012527466,0.0003,-2.6617171600461007,0.0084114745,0.8022239804267883,-0.0028621554374694824,0.2,-0.003242035338917049,0.004553507954369707,370,0.08369140625
474.04,648,79872,123,-0.65733585,39,0.9185556173324585,0.0003,-2.6687632374465466,0.0072420845,0.39090561866760254,-0.0026843987870961428,0.2,-0.003321519069140777,0.0024691793428928575,380,0.05986328125
475.11,648,81920,126,-0.66255925,40,0.9093020558357239,0.0003,-2.6552982211112974,0.006864918,0.2905150055885315,-0.00241184514015913,0.2,-0.004443788615026279,0.01800461291713873,390,0.05654296875
486.0,647,83968,129,-0.6644080600000001,41,0.8950978517532349,0.0003,-2.6321906477212904,0.006128965,0.7056721448898315,-0.022123165428638458,0.2,-0.003594540952326497,0.005146423583391879,400,0.0494140625
464.77,647,86016,132,-0.67209266,42,0.8925964832305908,0.0003,-2.611822780966759,0.0051919194,0.3347095847129822,0.024031242355704308,0.2,-0.00244821489250171,0.008509285611944506,410,0.054833984375
448.56,646,88064,136,-0.6801231799999999,43,0.8774375319480896,0.0003,-2.593586476892233,0.0067358464,0.8625588417053223,-0.0017263395711779594,0.2,-0.0031819674135476817,0.001775081407140533,420,0.053515625
465.96,647,90112,139,-0.68128715,44,0.8769364356994629,0.0003,-2.5748252496123314,0.0076431516,0.6402008533477783,-0.0164909977465868,0.2,-0.0026861795791774056,0.005484380558482371,430,0.0728515625
490.22,646,92160,142,-0.66747789,45,0.8681284785270691,0.0003,-2.56541947722435,0.004637885,0.9262491464614868,-0.008596310392022133,0.2,-0.003697502819704823,0.0019786627351095374,440,0.04609375
512.53,643,94208,146,-0.63939461,46,0.8572165966033936,0.0003,-2.5400916434824468,0.0066489764,0.8056225776672363,-0.006588958669453859,0.2,-0.006524639316921821,0.0045854388614316125,450,0.080712890625
517.75,645,96256,149,-0.63965746,47,0.8505803346633911,0.0003,-2.521560215950012,0.005038387,0.8949829936027527,-0.01327729132026434,0.2,-0.0014597381741623394,0.0008318492284615786,460,0.034619140625
542.05,642,98304,153,-0.6263666,48,0.8602908253669739,0.0003,-2.5247416898608206,0.006848644,0.5378501415252686,-0.0019214553758502007,0.2,-0.0029945496513391844,0.0023238213422700936,470,0.05986328125
557.04,642,100352,156,-0.63279748,49,0.854456901550293,0.0003,-2.528097851574421,0.0036755707,0.1387285590171814,0.004435664974153042,0.2,-0.0013742900839133654,0.008807638738471724,480,0.033154296875
559.27,643,102400,159,-0.6373213400000001,50,0.8590425252914429,0.0003,-2.5284670583903788,0.0066118967,0.3134394884109497,0.0020321765914559364,0.2,-0.003469827733351849,0.006219293594767805,490,0.06494140625
557.63,642,104448,162,-0.61768043,51,0.8764066100120544,0.0003,-2.554830886423588,0.005854682,0.2555517554283142,0.0012893908424302936,0.2,-0.007092225894302829,0.0022696061442275097,500,0.07685546875
530.18,641,106496,166,-0.6092042900000001,52,0.8678388595581055,0.0003,-2.5596303440630437,0.0064488063,0.9348452091217041,-0.011810003779828548,0.2,-0.0041824674597592095,0.0002089235339155948,510,0.065478515625
493.32,635,108544,170,-0.63275335,53,0.871955156326294,0.0003,-2.559781055152416,0.0066552674,0.5843633413314819,0.003935490269213915,0.2,-0.0025129152898443865,0.0024000635312404484,520,0.06328125
493.32,634,110592,174,-0.63275335,54,0.8672914505004883,0.0003,-2.5581714153289794,0.0049568666,0.674096941947937,-0.014492804184556007,0.2,-0.002525901544140652,0.007891075207589892,530,0.036083984375
497.21,635,112640,177,-0.63224405,55,0.8685994744300842,0.0003,-2.5538876801729202,0.0047381287,-1.433840036392212,0.002640753285959363,0.2,-0.003253757282800507,0.0008069655003737353,540,0.0697265625
514.24,636,114688,180,-0.6345995499999999,56,0.8703023195266724,0.0003,-2.558728163689375,0.0060668783,0.46796929836273193,-0.007403389550745487,0.2,-0.005357482731051277,0.007259537464051391,550,0.05908203125
536.46,638,116736,182,-0.63682273,57,0.8806399703025818,0.0003,-2.573375279456377,0.0041448944,0.7207629084587097,-0.0010938628111034632,0.2,-0.0051853722456144166,0.002286470746184932,560,0.036376953125
536.93,637,118784,186,-0.6628101,58,0.8758629560470581,0.0003,-2.5769391745328902,0.0053596515,0.9487563967704773,-8.755663657211699e-06,0.2,-0.0026256255310727282,0.00024265312572993025,570,0.032275390625
555.82,639,120832,189,-0.66524955,59,0.8628494739532471,0.0003,-2.555951025336981,0.008130893,0.5410780906677246,0.004170256666839123,0.2,-0.006378512005903758,0.002923872768133151,580,0.1244140625
565.5,640,122880,191,-0.67581003,60,0.8572266101837158,0.0003,-2.5321974284946918,0.0059339986,0.8168368339538574,-0.02874358557164669,0.2,-0.006104930209403392,0.005852366887847893,590,0.056103515625
578.68,642,124928,194,-0.6769728899999999,61,0.8542599678039551,0.0003,-2.5258180133998396,0.008896341,0.582240104675293,0.010967439040541649,0.2,-0.005453142400074285,0.008391860012488905,600,0.096728515625
600.95,644,126976,196,-0.67863058,62,0.844130277633667,0.0003,-2.511128604412079,0.0059183203,0.7476193308830261,0.006521499715745449,0.2,-0.004285663929476868,0.0029500006578018654,610,0.0587890625
603.11,645,129024,199,-0.6736049000000002,63,0.8323664665222168,0.0003,-2.4817224346101283,0.0074473545,0.9032488465309143,0.008664392866194248,0.2,-0.0031666812021285294,0.00017981667906497023,620,0.0625
603.11,647,131072,202,-0.6736049000000002,64,0.8383642435073853,0.0003,-2.4782904125750065,0.004713596,0.6961973905563354,0.019689243286848068,0.2,-0.002294114523101598,0.002917965085725882,630,0.03994140625
566.3,647,133120,205,-0.6800160300000002,65,0.8371639847755432,0.0003,-2.4855377830564978,0.0045964657,0.5275144577026367,0.002673304872587323,0.2,-0.002123893686803058,0.00010463499784236774,640,0.041455078125
588.42,649,135168,208,-0.67222803,66,0.8471697568893433,0.0003,-2.493117696791887,0.0076601813,0.6170713901519775,-0.021788638085126877,0.2,-0.006894921201455873,0.006377165836602217,650,0.094873046875
581.3,650,137216,210,-0.68189115,67,0.8629142045974731,0.0003,-2.5252614714205266,0.0052705808,0.9309584498405457,-0.010817402973771095,0.2,-0.0049891746326466094,0.00023371905382418845,660,0.04716796875
585.25,651,139264,213,-0.6772663499999999,68,0.8535913825035095,0.0003,-2.532431536912918,0.00980018,0.23952996730804443,-0.007323813624680042,0.2,-0.005233996018068865,0.0038686347324983217,670,0.080810546875
587.39,648,141312,217,-0.6559571200000001,69,0.8586865663528442,0.0003,-2.526042128354311,0.008905217,0.5523921251296997,-0.0010764355538412929,0.2,-0.004632673694868572,0.003586279132832715,680,0.08037109375
565.46,647,143360,221,-0.6594868300000001,70,0.8730103373527527,0.0003,-2.5514168098568915,0.0076823477,0.5126574039459229,0.017064176499843597,0.2,-0.005064082617900567,0.014394509732665029,690,0.04970703125
586.7,649,145408,224,-0.6511422,71,0.8728718757629395,0.0003,-2.5628974713385104,0.0065606264,0.6274014711380005,0.010670077987015247,0.2,-0.003676330754387891,0.00963952055608388,700,0.05283203125
605.94,650,147456,226,-0.64265986,72,0.8796855211257935,0.0003,-2.5704114899039268,0.0057216203,0.17338377237319946,-0.008651095442473888,0.2,-0.002606404243852012,0.0007865875995321403,710,0.04580078125
626.2,652,149504,229,-0.63466129,73,0.8879066705703735,0.0003,-2.5865718804299833,0.0068789246,-0.005523204803466797,0.054891545325517654,0.2,-0.006227753110579215,0.0031696771602128136,720,0.070068359375
571.06,653,151552,231,-0.64976269,74,0.880801796913147,0.0003,-2.5897813886404037,0.0043072365,-0.8369269371032715,0.0067953672260046005,0.2,-0.0017954392926185392,0.0009925033540639562,730,0.02822265625
585.7,654,153600,234,-0.67174255,75,0.8914735317230225,0.0003,-2.5931403316557406,0.004253635,0.356081485748291,-0.0075898552313447,0.2,-0.0027727373148081825,0.007285148438313627,740,0.05029296875
579.62,653,155648,238,-0.6711762900000001,76,0.8915998935699463,0.0003,-2.603853191435337,0.008317852,0.39593225717544556,0.034290485084056854,0.2,-0.0030642043049738275,0.005762027098899125,750,0.074755859375
585.8,654,157696,240,-0.66181087,77,0.8839492201805115,0.0003,-2.5960977599024773,0.011954373,0.20643603801727295,0.027719121426343918,0.2,-0.008322023481014185,0.010731576756734284,760,0.12861328125
606.35,656,159744,243,-0.6593476000000003,78,0.8802271485328674,0.0003,-2.5837760016322138,0.0048065307,0.755595326423645,0.026335420086979866,0.2,-0.004320593501324766,0.0009275880582777063,770,0.06357421875
606.35,658,161792,245,-0.6593476000000003,79,0.8863803148269653,0.0003,-2.584249606728554,0.0064242105,0.35807472467422485,-0.03253753483295441,0.2,-0.004605664609698579,0.0002772523089220158,780,0.0548828125
597.77,658,163840,248,-0.6623206599999999,80,0.8984488248825073,0.0003,-2.605741510540247,0.008504653,0.5580896139144897,-0.010812623426318169,0.2,-0.007252620307554025,6.980346672236237e-05,790,0.10009765625
584.21,659,165888,251,-0.6696510600000001,81,0.905418336391449,0.0003,-2.626163133233786,0.0047387406,0.2889012098312378,-0.01660545915365219,0.2,-0.0037956362775730668,0.007635347373798141,800,0.0515625
604.97,659,167936,254,-0.6447788000000003,82,0.9007189273834229,0.0003,-2.630164686590433,0.0054606507,0.539483904838562,0.013751694932579994,0.2,-0.002305267719202675,0.008993177031334199,810,0.0408203125
601.95,659,169984,257,-0.6081926400000001,83,0.8883103132247925,0.0003,-2.607125436514616,0.0052643334,0.009840071201324463,0.020394805818796158,0.2,-0.006765635112242307,0.014979199050867465,820,0.045947265625
597.01,660,172032,260,-0.61827164,84,0.8826374411582947,0.0003,-2.587606082856655,0.003533734,0.25525909662246704,-0.003440080676227808,0.2,-0.0017541915229230653,0.012162545342653175,830,0.03203125
603.22,661,174080,263,-0.6084468500000001,85,0.8753371238708496,0.0003,-2.572185730189085,0.007670034,0.5897206664085388,-0.015756012871861458,0.2,-0.005889431564719416,0.0033597263221054165,840,0.092236328125
603.22,662,176128,265,-0.6084468500000001,86,0.8737386465072632,0.0003,-2.5659027487039565,0.006388725,0.46113598346710205,0.01628144457936287,0.2,-0.0018979431610205212,0.004259457963053137,850,0.036083984375
625.14,663,178176,268,-0.6005527900000001,87,0.8808335065841675,0.0003,-2.567828059196472,0.005571453,0.9053324460983276,-0.018248625099658966,0.2,-0.0029866231125197373,0.00013889041610610776,860,0.050830078125
601.69,664,180224,271,-0.60776102,88,0.8810762763023376,0.0003,-2.5781585104763507,0.007648637,0.8074038624763489,0.017364270985126495,0.2,-0.00505825016007293,0.00032929169503859157,870,0.06083984375
625.43,665,182272,273,-0.62010051,89,0.8850209712982178,0.0003,-2.582558374851942,0.0067511844,0.7140217423439026,-0.019759371876716614,0.2,-0.004279587131168228,0.0033439289582020137,880,0.055029296875
628.76,666,184320,276,-0.60973594,90,0.8942827582359314,0.0003,-2.5964119590818884,0.010191589,0.3983016014099121,-0.018328726291656494,0.2,-0.005791308455809485,0.00398175101263405,890,0.10830078125
649.09,667,186368,279,-0.60115118,91,0.8917924165725708,0.0003,-2.603910391032696,0.0039836774,0.8645251989364624,-0.03931917995214462,0.2,-0.0003240976649976801,0.0004984375491858372,900,0.038623046875
565.62,665,188416,283,-0.59961613,92,0.8933601379394531,0.0003,-2.6056794308125975,0.004816113,0.7550713419914246,0.00487012043595314,0.2,-0.0030502706991683225,0.0031722139839985173,910,0.051806640625
585.47,666,190464,285,-0.59705859,93,0.8969557881355286,0.0003,-2.6121036358177663,0.0077399816,0.5472603440284729,-0.006527680903673172,0.2,-0.00665214450127678,0.008883375844015972,920,0.0904296875
548.37,667,192512,288,-0.5973499700000001,94,0.8975971937179565,0.0003,-2.6162879921495916,0.0074147666,0.6396282911300659,-0.010584224946796894,0.2,-0.0059290513032465245,0.0005162179203125561,930,0.073486328125
566.68,669,194560,290,-0.59949056,95,0.8895792961120605,0.0003,-2.6096457093954086,0.0063501187,0.2725004553794861,0.033364035189151764,0.2,-0.004024547364679165,0.005739561156951822,940,0.063330078125
579.3,670,196608,293,-0.60091403,96,0.902588963508606,0.0003,-2.6140758983790873,0.007138733,0.7332621216773987,-0.013590765185654163,0.2,-0.0018613930231367703,0.0030695849822222955,950,0.062109375
599.24,670,198656,296,-0.5926798600000001,97,0.9036886096000671,0.0003,-2.631249626725912,0.0058873426,0.9389896988868713,-0.0125938281416893,0.2,-0.0035768410918535663,0.0006246223457537781,960,0.046630859375
599.34,671,200704,298,-0.5926550600000001,98,0.8948237299919128,0.0003,-2.621876020729542,0.0060627097,0.6894476413726807,-0.011136433109641075,0.2,-0.0040864575734303795,0.00024026016549214547,970,0.046142578125
619.37,673,202752,301,-0.5840891800000001,99,0.8866837024688721,0.0003,-2.6019772939383983,0.00538403,0.7763406038284302,-0.0057361554354429245,0.2,-0.004660387037438341,9.080282918034754e-05,980,0.0556640625
631.04,674,204800,303,-0.5949098,100,0.8943007588386536,0.0003,-2.6021486423909663,0.004480782,0.31664830446243286,0.022991981357336044,0.2,0.000654332331760088,0.001767602622476261,990,0.023388671875
652.28,675,206848,306,-0.5869593800000001,101,0.8892471790313721,0.0003,-2.602677758783102,0.0074675158,0.47200214862823486,-0.022521499544382095,0.2,-0.007107650894613471,0.002282489724666448,1000,0.0876953125
665.23,674,208896,309,-0.56784848,102,0.8832781314849854,0.0003,-2.5881859004497527,0.0050219838,0.8867717385292053,-0.0106496661901474,0.2,-0.0025325346883619203,0.0007252589218296635,1010,0.02578125
690.1,675,210944,312,-0.53933129,103,0.8873355388641357,0.0003,-2.5885653242468836,0.0030053277,0.44314855337142944,-0.008680176921188831,0.2,-0.0019676695214002394,0.009416113378392765,1020,0.029541015625
690.57,674,212992,315,-0.52959143,104,0.884352445602417,0.0003,-2.5890818148851396,0.0049751904,0.24966764450073242,-0.0012095988495275378,0.2,-0.0032970160515105817,0.003981353131894139,1030,0.029345703125
712.89,676,215040,318,-0.5317937399999999,105,0.893024742603302,0.0003,-2.5954128935933114,0.0074893637,0.7959946393966675,0.007351122796535492,0.2,-0.004608134360751137,0.00483242363111458,1040,0.057861328125
712.95,676,217088,320,-0.5316574,106,0.873501181602478,0.0003,-2.5812706910073757,0.0059935893,0.8890716433525085,-0.03175562992691994,0.2,-0.005106872449687216,0.00027552218789423933,1050,0.053759765625
712.81,678,219136,323,-0.53176846,107,0.8808786869049072,0.0003,-2.56646276935935,0.0067025125,0.8247280120849609,-0.01021104771643877,0.2,-0.0046713409072253855,0.0008881861354439024,1060,0.053466796875
734.17,679,221184,325,-0.52344338,108,0.8704178333282471,0.0003,-2.560216228663921,0.0075646415,0.7886728048324585,-0.010463358834385872,0.2,-0.0047159961111901795,0.000590181998359185,1070,0.0662109375
736.26,679,223232,328,-0.50303981,109,0.859032154083252,0.0003,-2.5328469567000864,0.004488389,0.8246618509292603,-0.010764716193079948,0.2,-0.0031802186655113473,0.0006987281094097853,1080,0.03798828125
736.26,680,225280,331,-0.50303981,110,0.8439666032791138,0.0003,-2.5015004493296145,0.007846903,0.2825610637664795,-0.003672508057206869,0.2,-0.0017808205098845064,8.343135600057394e-05,1090,0.05048828125
739.47,679,227328,334,-0.47212163,111,0.8315325975418091,0.0003,-2.4680611856281756,0.008473151,0.6618672013282776,-0.008833996020257473,0.2,-0.006856610764225479,3.255000889623716e-05,1100,0.0892578125
738.44,680,229376,337,-0.47780574000000003,112,0.8344438672065735,0.0003,-2.458174443244934,0.004132317,0.2943663001060486,0.001472479896619916,0.2,-0.002027789212297648,0.004172090271640627,1110,0.03837890625
759.86,681,231424,339,-0.47957006999999996,113,0.8287390470504761,0.0003,-2.458918756246567,0.004600618,0.29672908782958984,0.002397318836301565,0.2,-0.005378073822430452,0.006414487455185735,1120,0.068310546875
759.75,682,233472,342,-0.47936006999999997,114,0.8263310194015503,0.0003,-2.4491841666400433,0.003994472,0.7481130957603455,-0.019772853702306747,0.2,-0.0029366848757490516,0.0006028826521117025,1130,0.034326171875
759.75,683,235520,344,-0.47936006999999997,115,0.8147133588790894,0.0003,-2.4302535273134707,0.0058045466,0.7719443440437317,-0.01876438409090042,0.2,-0.004842216651013587,0.0003066944741476618,1140,0.04345703125
759.66,684,237568,346,-0.47959136999999996,116,0.8135063052177429,0.0003,-2.4149205066263675,0.0071338103,0.9212928414344788,0.017991306260228157,0.2,-0.004340284465433797,7.908863311172354e-05,1150,0.06376953125
759.71,685,239616,349,-0.47978368999999993,117,0.8094661831855774,0.0003,-2.407167758792639,0.0036425483,0.7679629325866699,0.012338615022599697,0.2,-0.00012418857950251548,0.000378563729623238,1160,0.04287109375
770.77,686,241664,352,-0.4810706,118,0.8137035369873047,0.0003,-2.4067092768847944,0.0060201716,0.6168806552886963,-0.008342326618731022,0.2,-0.002590432731085457,0.0014213968494004802,1170,0.046875
786.45,686,243712,354,-0.48341556999999996,119,0.8134033679962158,0.0003,-2.411783492565155,0.007042041,0.600401759147644,-0.010502776131033897,0.2,-0.003171673373435624,0.001193324657128869,1180,0.06513671875
800.97,686,245760,357,-0.5050122800000001,120,0.8107486963272095,0.0003,-2.4087907768785954,0.009215997,0.6599448919296265,0.010165663436055183,0.2,-0.00878073857165873,0.007551194846382714,1190,0.09267578125
803.32,687,247808,360,-0.50953472,121,0.8087425231933594,0.0003,-2.4024075113236902,0.00516281,0.49385929107666016,-0.017732087522745132,0.2,-0.003830509442923358,0.004549504745045852,1200,0.057421875
803.32,688,249856,362,-0.50953472,122,0.8196717500686646,0.0003,-2.415212297439575,0.0038277325,0.6449906826019287,-0.012371252290904522,0.2,-9.473218451603316e-05,0.0032949240706329876,1210,0.0337890625
835.5,687,251904,366,-0.48234258000000013,123,0.8308035731315613,0.0003,-2.4454031109809877,0.0042663813,-0.5402722358703613,0.01197139173746109,0.2,-0.0012561911062221043,0.0003640726118192106,1220,0.037841796875
835.5,687,253952,369,-0.48234258000000013,124,0.8240294456481934,0.0003,-2.4458476901054382,0.007199878,0.3024347424507141,0.02234555408358574,0.2,-0.006441868710680865,0.006222077355596411,1230,0.1001953125
857.8,688,256000,371,-0.5048245100000001,125,0.8206328749656677,0.0003,-2.4358178421854975,0.008645267,0.920139491558075,0.01060892641544342,0.2,-0.00395049672370078,1.4770597353219728e-05,1240,0.07021484375
837.29,689,258048,374,-0.50620018,126,0.8205435276031494,0.0003,-2.429566702991724,0.006337761,0.5772027373313904,0.01811518520116806,0.2,-0.004591386592073832,0.002503071459432249,1250,0.062646484375
864.93,689,260096,377,-0.4882899399999999,127,0.8147141337394714,0.0003,-2.424946290254593,0.008013793,0.24550360441207886,0.007101486437022686,0.2,-0.004146462867356604,0.005457742801081622,1260,0.077099609375
864.93,691,262144,379,-0.4882899399999999,128,0.8166145086288452,0.0003,-2.419429688900709,0.005299485,0.8698619604110718,0.012651682831346989,0.2,-0.003165792331128614,0.0002958841993176975,1270,0.05126953125
847.77,691,264192,382,-0.5071724,129,0.8062073588371277,0.0003,-2.4069307833909988,0.005449093,0.4455702304840088,-0.00750646973028779,0.2,-0.0022486432804726063,0.00028305430662385335,1280,0.041796875
820.73,691,266240,385,-0.47401792,130,0.815914511680603,0.0003,-2.406597002595663,0.0060234135,0.6805309057235718,0.004726092796772718,0.2,-0.0017641262427787296,0.005116369587449298,1290,0.05068359375
820.73,692,268288,387,-0.4740305099999999,131,0.8190524578094482,0.0003,-2.423253684490919,0.0051611112,0.14072126150131226,0.012232786044478416,0.2,-0.001935756652528653,0.014407130209292518,1300,0.050830078125
836.18,692,270336,390,-0.46619062,132,0.8186095952987671,0.0003,-2.4209605351090433,0.0049871155,0.45489412546157837,0.002366362139582634,0.2,-0.0020936769360559992,0.0005808431271816517,1310,0.032470703125
858.36,693,272384,393,-0.4684455799999999,133,0.8196625709533691,0.0003,-2.4204729281365873,0.008606121,0.8573384284973145,-0.02031375840306282,0.2,-0.003691111537773395,0.0001723483585919894,1320,0.060595703125
858.36,693,274432,395,-0.4684455799999999,134,0.8120378255844116,0.0003,-2.4131512567400932,0.006332186,0.8402867913246155,-0.004505697172135115,0.2,-0.003345473009540001,0.0005089839317747646,1330,0.055810546875
884.08,692,276480,399,-0.45516708999999994,135,0.8006898164749146,0.0003,-2.3893382847309113,0.009640095,0.332954466342926,-0.018833406269550323,0.2,-0.008490085424637073,3.316606407057776e-05,1340,0.134814453125
859.37,691,278528,402,-0.44787707000000004,136,0.8009486794471741,0.0003,-2.3755244582891466,0.006826685,0.45495325326919556,-0.0226697139441967,0.2,-0.0030874761258019136,0.007088727838345221,1350,0.062548828125
858.76,692,280576,405,-0.44757739,137,0.7946722507476807,0.0003,-2.3686681389808655,0.010107233,0.0431789755821228,0.012235386297106743,0.2,-0.006150988348235842,0.0224189230488264,1360,0.067919921875
826.13,692,282624,407,-0.4335067799999999,138,0.8087795972824097,0.0003,-2.3854244709014893,0.008861352,0.6674319505691528,-0.00934299174696207,0.2,-0.0007098568385117687,0.0014221987428527428,1370,0.05224609375
770.29,692,284672,410,-0.4229188,139,0.8030616044998169,0.0003,-2.3923344053328037,0.0061272476,0.803271472454071,0.00254316464997828,0.2,-0.003205569264537189,0.006168797122063552,1380,0.077099609375
792.76,693,286720,413,-0.42518701,140,0.8067194819450378,0.0003,-2.391307834535837,0.009711448,0.5630927085876465,-0.028438717126846313,0.2,-0.004576573088706936,0.012020915526954922,1390,0.099365234375
813.33,694,288768,415,-0.4176855,141,0.8138947486877441,0.0003,-2.401860758662224,0.0056838496,0.7046507596969604,-0.011870005168020725,0.2,-0.004878184548579157,0.0004305194815970026,1400,0.055859375
790.7,695,290816,418,-0.44073481000000003,142,0.8055317997932434,0.0003,-2.3944754876196384,0.004068563,0.694499135017395,-0.021687744185328484,0.2,-0.0027270551814581267,0.00012651408599424486,1410,0.0251953125
807.28,695,292864,420,-0.4478946599999999,143,0.794139564037323,0.0003,-2.3724006205797195,0.006463026,-0.03495383262634277,-0.008810758590698242,0.2,-0.0007538785932410974,0.011087502407099237,1420,0.04462890625
831.98,696,294912,423,-0.42940746999999996,144,0.8027758598327637,0.0003,-2.37002689614892,0.0054309154,0.7416413426399231,-0.011646481230854988,0.2,-0.0024457787701976487,0.001520690511210887,1430,0.06201171875
831.98,697,296960,425,-0.42940746999999996,145,0.8012755513191223,0.0003,-2.3784379228949546,0.0056781033,0.7783018350601196,0.017574915662407875,0.2,-0.0017581153158971574,0.0008502124859205651,1440,0.034228515625
853.86,698,299008,428,-0.42159547,146,0.8069549798965454,0.0003,-2.379807811230421,0.0041555595,0.9370093941688538,0.020753733813762665,0.2,-0.000770791458489839,2.0372330174911467e-05,1450,0.0400390625
833.21,698,301056,430,-0.40914188,147,0.809106171131134,0.0003,-2.389999674260616,0.004183229,0.5945665836334229,-0.0032547260634601116,0.2,-0.0024171865574317054,0.00040780308897865326,1460,0.0427734375
773.69,697,303104,434,-0.44490735000000003,148,0.7873541712760925,0.0003,-2.3590639725327494,0.0052707815,0.4454532861709595,-0.008090238086879253,0.2,-0.0029028593533439563,0.0022309739502361483,1470,0.0396484375
750.26,698,305152,437,-0.45206976,149,0.8162335157394409,0.0003,-2.3693563379347324,0.0078070536,0.3679432272911072,-0.0014007550198584795,0.2,-0.009407493003527634,0.007939965677724103,1480,0.0802734375
770.15,698,307200,439,-0.46429417,150,0.8311793804168701,0.0003,-2.425765235722065,0.0054677995,0.07426363229751587,0.02874383144080639,0.2,-0.004349211577209644,0.008630061350413599,1490,0.045703125
754.67,697,309248,443,-0.46270590999999994,151,0.8282246589660645,0.0003,-2.4388062357902527,0.005173711,0.5883311629295349,0.008890166878700256,0.2,-0.004296854774293024,0.00010927478870144114,1500,0.064111328125
710.65,697,311296,446,-0.46191854,152,0.818500280380249,0.0003,-2.425113483518362,0.0063290754,0.4390408396720886,0.018197383731603622,0.2,-0.004573198252182919,0.006812797398015391,1510,0.052685546875
710.65,698,313344,448,-0.46191854,153,0.8231723308563232,0.0003,-2.4190016850829124,0.0084257675,0.38892096281051636,0.0022750599309802055,0.2,-0.004925390625430737,0.008602754270032164,1520,0.08447265625
721.61,697,315392,452,-0.41682144,154,0.8128122687339783,0.0003,-2.4123147413134576,0.0051560234,0.42006951570510864,0.004608320537954569,0.2,-0.0014933762067812495,0.0013749379291766672,1530,0.038818359375
725.18,698,317440,454,-0.41798828000000016,155,0.8074501752853394,0.0003,-2.392007529735565,0.005803571,0.6798292398452759,0.0017203374300152063,0.2,-0.0032820152322528885,0.005391522357422218,1540,0.039111328125
707.14,697,319488,457,-0.42277464000000003,156,0.8081872463226318,0.0003,-2.388538598269224,0.005545265,0.4923117160797119,-0.0030447279568761587,0.2,-0.0021207385550951587,0.001907616092785247,1550,0.056982421875
707.3,698,321536,460,-0.42233097999999997,157,0.8024075031280518,0.0003,-2.382015210390091,0.007072064,0.6905419826507568,0.011955265887081623,0.2,-0.007179357895074645,0.00772358945068845,1560,0.06240234375
728.09,699,323584,462,-0.4351415600000001,158,0.8041806221008301,0.0003,-2.376484663039446,0.0054540685,-0.4725489616394043,0.00428861565887928,0.2,-0.0031453862866328564,0.0011301175180960855,1570,0.06455078125
741.41,700,325632,465,-0.43715615,159,0.7986634969711304,0.0003,-2.3734893307089804,0.0060920357,0.7251676917076111,0.024363279342651367,0.2,-0.0022145435003039894,0.00029457646921855486,1580,0.052587890625
763.77,700,327680,467,-0.43941698,160,0.7978966236114502,0.0003,-2.3644645124673844,0.0029549138,0.8856968283653259,0.00328833912499249,0.2,-0.002413827009149827,0.0003075264493247687,1590,0.0322265625
778.41,700,329728,470,-0.4418733000000001,161,0.7995707392692566,0.0003,-2.3680068090558053,0.005896099,0.6660182476043701,-0.034814123064279556,0.2,-0.005362634072662331,0.0007944648068587412,1600,0.071826171875
781.3,701,331776,473,-0.4421427800000001,162,0.7876142263412476,0.0003,-2.3547347523272038,0.004592534,0.7565467357635498,-0.013771102763712406,0.2,-0.00295238232210977,0.0003943622036103989,1610,0.058740234375
780.93,701,333824,475,-0.4215948200000001,163,0.7938823699951172,0.0003,-2.3489977538585665,0.008331368,0.34662342071533203,0.01602094992995262,0.2,-0.006799620747915469,0.0009571776598704673,1620,0.08525390625
781.33,701,335872,478,-0.4217419700000001,164,0.790306031703949,0.0003,-2.3577479518949986,0.0075280387,0.222115159034729,-0.007039591204375029,0.2,-0.002820125115249539,0.004206861502188986,1630,0.06142578125
802.59,702,337920,481,-0.41432299000000006,165,0.7971135377883911,0.0003,-2.3613163091242315,0.00853942,0.7757883667945862,0.061980776488780975,0.2,-0.0010352769670134876,0.0016316785033268389,1640,0.066748046875
803.71,703,339968,483,-0.40946634000000004,166,0.7962175011634827,0.0003,-2.367643064260483,0.007520326,0.8824152946472168,-0.027393685653805733,0.2,-0.004468637713580392,0.0026277226871570746,1650,0.073193359375
781.32,703,342016,486,-0.40766005,167,0.7905597686767578,0.0003,-2.359589895606041,0.0045875562,0.8248840570449829,-0.019089752808213234,0.2,-0.004778777116735,0.0004075338452139476,1660,0.038037109375
791.77,703,344064,488,-0.39826128000000005,168,0.7955431938171387,0.0003,-2.3625865772366526,0.0059755817,0.5669447779655457,-0.018983593210577965,0.2,-0.004070234595565126,0.007709404952038312,1670,0.0736328125
811.82,704,346112,491,-0.41033095,169,0.8011835813522339,0.0003,-2.376146835833788,0.0076321205,0.4224952459335327,0.017582526430487633,0.2,-0.0037308036015019754,0.002147196568603249,1680,0.07607421875
832.15,704,348160,494,-0.42242296,170,0.802762508392334,0.0003,-2.387525560706854,0.005640391,0.7571759223937988,-0.026947371661663055,0.2,-0.004510291080077877,0.0005682812659415504,1690,0.0501953125
835.45,704,350208,496,-0.4222379700000001,171,0.8038158416748047,0.0003,-2.3923083119094373,0.0045371633,0.9176750183105469,0.011017858982086182,0.2,-0.004590162089152727,0.0006790452762515997,1700,0.03916015625
806.61,705,352256,499,-0.4444283299999999,172,0.8070701956748962,0.0003,-2.4004779122769833,0.005376392,0.6342600584030151,-0.009614663198590279,0.2,-0.006077699084562483,0.0037963892684274468,1710,0.066357421875
787.35,705,354304,501,-0.45218672,173,0.8009316921234131,0.0003,-2.3949613384902477,0.006741818,0.6427108645439148,-0.008111782371997833,0.2,-0.0047826341178733855,0.004161173410830088,1720,0.075244140625
807.47,706,356352,504,-0.4446268,174,0.8009698987007141,0.0003,-2.3906156964600087,0.009701964,0.81976318359375,0.009954642504453659,0.2,-0.0084099551095278,0.00195919296138527,1730,0.094189453125
830.4,707,358400,506,-0.45659276999999987,175,0.808687150478363,0.0003,-2.396637666225433,0.0074519143,-0.023449182510375977,0.0006084843189455569,0.2,-0.0035211376482038757,0.00294702107030389,1740,0.082177734375
832.05,707,360448,509,-0.46242791999999994,176,0.8146616220474243,0.0003,-2.4158021941781045,0.007660045,0.6645693778991699,-0.002465977566316724,0.2,-0.002913794384949142,0.0031480894418564275,1750,0.058349609375
855.72,708,362496,511,-0.45542399999999994,177,0.8271324634552002,0.0003,-2.438382489979267,0.0031969175,0.7994842529296875,-0.023206915706396103,0.2,-0.0014539879397489131,0.00021841863610916334,1760,0.0416015625
872.82,707,364544,514,-0.45771535999999996,178,0.8278977274894714,0.0003,-2.4541674934327604,0.0062265964,0.6705520749092102,-0.003523524384945631,0.2,-0.002362040031584911,0.0025339841755339875,1770,0.056982421875
892.84,708,366592,517,-0.45944943999999993,179,0.8212379217147827,0.0003,-2.4484746143221856,0.005036135,0.6769516468048096,0.01260574720799923,0.2,-0.00320496413478395,0.0002685008539856426,1780,0.05458984375
900.57,709,368640,519,-0.48074891999999997,180,0.8121215105056763,0.0003,-2.429153123497963,0.005323207,0.8664451241493225,-0.004769422113895416,0.2,-0.002067346510011703,0.0023959329173521837,1790,0.05107421875
921.08,709,370688,522,-0.47292838,181,0.8062264919281006,0.0003,-2.4088859841227532,0.013615954,0.8681032657623291,0.011678999289870262,0.2,-0.0048851398867554964,0.0010307741943279326,1800,0.10048828125
926.57,710,372736,524,-0.46327874999999996,182,0.8011623620986938,0.0003,-2.3944173634052275,0.0037951297,0.8814400434494019,0.007959661073982716,0.2,-0.001546673804114107,0.0002466854661292928,1810,0.034521484375
915.25,708,374784,528,-0.47772218,183,0.8011777400970459,0.0003,-2.388199433684349,0.007858332,0.47897017002105713,-0.014068307355046272,0.2,-0.007170292545924895,0.0002110619966856575,1820,0.086669921875
936.76,709,376832,531,-0.49042555,184,0.8029669523239136,0.0003,-2.3921062625944614,0.005547029,0.48290741443634033,0.020157117396593094,0.2,-0.0030403640994336456,0.005776743923888716,1830,0.073583984375
936.76,710,378880,533,-0.49042555,185,0.8005245923995972,0.0003,-2.3910280615091324,0.0057024346,0.47494351863861084,0.023321012035012245,0.2,-0.001221848731074715,0.003931026957070571,1840,0.059912109375
910.7,710,380928,536,-0.50307639,186,0.794692873954773,0.0003,-2.3830145344138147,0.0051873345,0.9497553706169128,0.00027126079658046365,0.2,-0.0021709837659727783,3.399688973786397e-05,1850,0.037890625
930.89,710,382976,539,-0.51565347,187,0.7840644121170044,0.0003,-2.3639837987720966,0.0059537804,0.7202466726303101,-0.016431760042905807,0.2,-0.0031790864624781532,0.0049511943752804655,1860,0.048876953125
952.84,710,385024,541,-0.50789458,188,0.786974310874939,0.0003,-2.3509950950741767,0.004559785,0.8606594800949097,-0.006433133967220783,0.2,-0.0020146297465544194,0.00032353615101214926,1870,0.042138671875
976.22,710,387072,544,-0.49992023999999996,189,0.78704833984375,0.0003,-2.3588622972369193,0.006209871,0.9011481404304504,-0.020068364217877388,0.2,-0.0056720823486102745,0.00013775866308947117,1880,0.07451171875
956.06,711,389120,547,-0.48740271,190,0.8049939870834351,0.0003,-2.383635596185923,0.0039895363,0.08807635307312012,-0.009884593077003956,0.2,-0.002644316721125506,0.0018094509241905143,1890,0.05048828125
977.34,711,391168,549,-0.4794637,191,0.7978901863098145,0.0003,-2.393726235628128,0.0066839326,0.31917738914489746,0.003958267159759998,0.2,-0.0034855783902457914,0.002688704535330544,1900,0.067138671875
969.56,711,393216,552,-0.48943619999999993,192,0.7863644361495972,0.0003,-2.368614511936903,0.0046255346,0.3054518699645996,0.007227360736578703,0.2,-0.0028647723178437446,0.00022618805963929843,1910,0.04892578125
953.8,711,395264,555,-0.49767775999999997,193,0.7890747785568237,0.0003,-2.359163099527359,0.006511161,0.07193398475646973,0.019845277070999146,0.2,-0.003376119083259255,0.0036312922380602685,1920,0.0748046875
942.29,712,397312,557,-0.50671124,194,0.7798793911933899,0.0003,-2.3488696195185184,0.0058880122,0.9299548864364624,-0.019120117649435997,0.2,-0.005329878958218614,0.0007228612043945759,1930,0.05625
961.55,712,399360,560,-0.5045155100000001,195,0.7754570245742798,0.0003,-2.3336472176015377,0.0035514508,0.5571978092193604,-0.009629408828914165,0.2,-1.9512579820002428e-05,0.002245643628793914,1940,0.02734375
979.35,712,401408,563,-0.49493605,196,0.7756386995315552,0.0003,-2.329444508254528,0.005964997,0.8288483619689941,-0.006732475943863392,0.2,-0.006226168736611725,0.0028971798747079447,1950,0.0498046875
999.64,712,403456,566,-0.49786840999999993,197,0.762580394744873,0.0003,-2.3084121614694597,0.0044219485,0.8029016256332397,0.014717583544552326,0.2,-0.0019026567380933557,0.0013012710574002995,1960,0.039453125
985.14,712,405504,569,-0.49081818999999993,198,0.7617473006248474,0.0003,-2.293777401745319,0.011082286,0.48480045795440674,-0.01550061721354723,0.2,-0.005863464886351722,0.000914975203272661,1970,0.0880859375
982.77,712,407552,571,-0.48556681999999995,199,0.7617690563201904,0.0003,-2.290806394070387,0.0053843316,0.608532190322876,-0.011972464621067047,0.2,-0.006044664890214335,0.0019781532820161373,1980,0.065771484375
1005.38,712,409600,574,-0.47774975999999997,200,0.7597576379776001,0.0003,-2.28838314563036,0.0036781037,0.8467938303947449,-0.015350298956036568,0.2,-0.004100914490118157,0.0017087607939174632,1990,0.04404296875
993.61,712,411648,577,-0.47708974000000004,201,0.7487392425537109,0.0003,-2.2687774792313578,0.0047924686,0.9520773887634277,-7.905333768576384e-05,0.2,-0.004227061681740451,0.0019799673486431855,2000,0.04814453125
1019.79,713,413696,580,-0.47515781,202,0.7366049289703369,0.0003,-2.239835312217474,0.0072879274,0.9547309279441833,-0.005080718547105789,0.2,-0.003675027549616061,0.0007614063990331488,2010,0.049560546875
1039.57,713,415744,582,-0.4872963799999999,203,0.7418500185012817,0.0003,-2.232996479421854,0.0042365585,0.9198499321937561,-0.004541711416095495,0.2,-0.0037049010512419044,0.0014766620279715425,2020,0.04658203125
1028.08,713,417792,585,-0.52711298,204,0.7442927360534668,0.0003,-2.2437686406075956,0.003582533,0.9466609358787537,-0.017572693526744843,0.2,-0.003092032247513998,0.0004465376081611794,2030,0.053564453125
1010.11,713,419840,588,-0.48460567,205,0.7386114597320557,0.0003,-2.237962182611227,0.0071636755,0.6748491525650024,0.002022773027420044,0.2,-0.005925670060241828,0.0042479010962779284,2040,0.06435546875
1036.73,713,421888,591,-0.48600736999999994,206,0.7241559028625488,0.0003,-2.2114262394607067,0.005073811,0.5779762268066406,-0.007036955561488867,0.2,-0.003268951473000925,0.00468047126505553,2050,0.046826171875
1036.73,713,423936,593,-0.48600736999999994,207,0.7284952402114868,0.0003,-2.195743790268898,0.0074391854,0.3513084650039673,-0.020552832633256912,0.2,-0.003804719638719689,0.006227306924483855,2060,0.0751953125
1056.24,714,425984,596,-0.4778461299999999,208,0.7277344465255737,0.0003,-2.2024142779409885,0.004728103,0.5835491418838501,0.007722956594079733,0.2,-0.0026986927245161497,5.807631985135231e-05,2070,0.063134765625
1015.82,714,428032,598,-0.49382513999999994,209,0.7136133909225464,0.0003,-2.1828218929469587,0.0032609622,0.8084198236465454,-0.009484624490141869,0.2,-0.004486517002806068,8.081415947742698e-05,2080,0.03974609375
1015.75,715,430080,601,-0.4935079799999999,210,0.7285570502281189,0.0003,-2.182597556710243,0.008666054,-0.07706725597381592,-0.0008333930745720863,0.2,-0.00516415474776295,0.005846907464911055,2090,0.068115234375
1015.99,715,432128,603,-0.49281904,211,0.7251169085502625,0.0003,-2.1991009190678596,0.0063724634,0.5264414548873901,-0.00046613323502242565,0.2,-0.0029414136552077252,0.000878971473321144,2100,0.069384765625
1034.22,716,434176,606,-0.48444725999999994,212,0.7077655792236328,0.0003,-2.1664653941988945,0.004921076,0.7346129417419434,-0.012786531820893288,0.2,-0.005051676919538295,0.001193473159946734,2110,0.06103515625
1020.16,716,436224,608,-0.50829273,213,0.7146279811859131,0.0003,-2.154638960957527,0.0070855683,0.9226663112640381,-0.026671381667256355,0.2,-0.006761644339712802,0.0003035892322714062,2120,0.093408203125
1041.46,716,438272,611,-0.50023129,214,0.7197278141975403,0.0003,-2.1720303744077682,0.009646941,0.8481588363647461,-0.002871172968298197,0.2,-0.0020910949060635176,0.000859286467448328,2130,0.08017578125
1040.77,717,440320,613,-0.50027826,215,0.7097893953323364,0.0003,-2.1652424901723863,0.0048786476,0.8664546012878418,0.009954607114195824,0.2,-0.001433898250979837,8.30744666643568e-05,2140,0.02822265625
1040.73,717,442368,616,-0.49972666000000004,216,0.7162076830863953,0.0003,-2.1613259099423887,0.0062945867,0.3320884108543396,-0.015197615139186382,0.2,-0.003520274258335121,0.0012675846158799685,2150,0.08037109375
1040.59,718,444416,618,-0.4997694,217,0.7068488001823425,0.0003,-2.1543888740241526,0.007882654,0.8664560317993164,-0.023144040256738663,0.2,-0.0006739580057910644,0.0005974340703119197,2160,0.0453125
1053.18,718,446464,621,-0.52136123,218,0.713291585445404,0.0003,-2.154787626862526,0.0041232663,0.8636436462402344,-0.0037755612283945084,0.2,-0.0029365699294430668,3.1850193165894326e-05,2170,0.0404296875
1001.84,717,448512,625,-0.53237749,219,0.7250036001205444,0.0003,-2.177069975435734,0.0067524826,0.38800400495529175,0.0038590123876929283,0.2,-0.00567194563918747,0.005066567775065778,2180,0.0681640625
1015.08,717,450560,627,-0.52431347,220,0.7246885895729065,0.0003,-2.1922576084733008,0.0069792387,0.40911102294921875,0.016699010506272316,0.2,-0.004990631655527977,0.006391364833689295,2190,0.058984375
1019.16,718,452608,630,-0.5242490099999999,221,0.7384300827980042,0.0003,-2.2120342373847963,0.00703245,0.9115516543388367,0.0011932365596294403,0.2,-0.002419186811312102,5.321569190179787e-05,2200,0.04970703125
1027.14,718,454656,632,-0.51066721,222,0.7442482113838196,0.0003,-2.238848751783371,0.009176007,0.8640299439430237,-0.021507717669010162,0.2,-0.010470214480301365,0.0018915482398369932,2210,0.1087890625
1028.4,718,456704,635,-0.5104026,223,0.7503620982170105,0.0003,-2.2537115037441255,0.005010247,0.5684787034988403,0.014444033615291119,0.2,-0.0030676258880703243,0.00024226595435266062,2220,0.037890625
1026.89,718,458752,638,-0.5197173,224,0.7503595352172852,0.0003,-2.2616512201726438,0.0052068755,0.9210864305496216,-0.019136834889650345,0.2,-0.005675521387456683,0.0012094781983478242,2230,0.066259765625
1027.8,719,460800,640,-0.5198913900000001,225,0.7566166520118713,0.0003,-2.2721292801201343,0.008834503,0.8900907039642334,0.0004707740154117346,0.2,-0.004696704237721861,0.0024895383005059555,2240,0.051904296875
1027.8,719,462848,643,-0.5198913900000001,226,0.7585828900337219,0.0003,-2.2817678965628145,0.003526349,0.8495913743972778,-0.01334832888096571,0.2,-0.004282318356854375,0.0004692800331127955,2250,0.049755859375
1013.76,719,464896,646,-0.48775807,227,0.750820517539978,0.0003,-2.2754154346883295,0.005678269,0.9396886229515076,0.006119013298302889,0.2,-0.0032015530654462055,1.50433593361754e-05,2260,0.04208984375
969.33,718,466944,649,-0.4830224999999999,228,0.7362228631973267,0.0003,-2.2420455873012544,0.005892667,0.684899091720581,0.005286435596644878,0.2,-0.005446401788503863,0.0029020029426646944,2270,0.05322265625
940.25,716,468992,654,-0.45991833,229,0.7536900639533997,0.0003,-2.249342033267021,0.0066145314,0.3937578797340393,-0.00820128433406353,0.2,-0.008797176661755658,0.0035943744213000174,2280,0.08427734375
960.55,716,471040,657,-0.45727411999999995,230,0.7502118349075317,0.0003,-2.26993950009346,0.009760795,0.4552713632583618,0.009060284122824669,0.2,-0.0022705809213221075,0.004284431210226103,2290,0.06748046875
949.94,716,473088,660,-0.46595749,231,0.7567464113235474,0.0003,-2.27140286937356,0.0059278444,0.8431572318077087,0.014155689626932144,0.2,-0.005877602922555525,0.0007294235106201086,2300,0.083544921875
950.1,716,475136,662,-0.46569023000000004,232,0.7542487382888794,0.0003,-2.2747776575386522,0.0061910404,0.6369528770446777,-0.011266612447798252,0.2,-0.0026550311493338087,0.003485722046571027,2310,0.06630859375
966.22,716,477184,665,-0.45721895,233,0.7444347143173218,0.0003,-2.258594261109829,0.0039920686,0.5853132605552673,-0.004133400972932577,0.2,-0.0029920111621322574,8.290291322339271e-05,2320,0.0345703125
989.83,716,479232,668,-0.4593473,234,0.7478646039962769,0.0003,-2.2522273108363153,0.0067015258,0.896149754524231,-0.009628131054341793,0.2,-0.0038382025246392003,2.578739390202145e-05,2330,0.060498046875
1009.83,717,481280,671,-0.45650423,235,0.7597453594207764,0.0003,-2.272823619842529,0.008590551,0.814154863357544,0.015623793937265873,0.2,-0.003717883402714506,0.0032553060303143868,2340,0.06181640625
1009.89,717,483328,673,-0.45630902000000007,236,0.7511715888977051,0.0003,-2.2742931246757507,0.008792115,0.7849918603897095,-0.003834096249192953,0.2,-0.006402558150148252,8.05293416448194e-05,2350,0.059423828125
989.4,717,485376,676,-0.46393706000000007,237,0.7509769201278687,0.0003,-2.2643042005598546,0.0029603797,0.3260264992713928,-0.006455845665186644,0.2,-0.0004783693337230943,0.0001953991059508553,2360,0.03076171875
989.54,717,487424,679,-0.46340906000000004,238,0.7601104974746704,0.0003,-2.2780316427350042,0.0057042073,0.027584195137023926,-0.014036411419510841,0.2,-0.0051419358624116285,0.002095536729370906,2370,0.05634765625
1008.27,717,489472,681,-0.45560087999999993,239,0.7561187148094177,0.0003,-2.2841188624501227,0.008108765,0.644676923751831,-0.012267029844224453,0.2,-0.007256044950190698,0.00039015292716158,2380,0.068408203125
990.59,716,491520,685,-0.48311528000000004,240,0.7470735311508179,0.0003,-2.2674455992877482,0.004873744,0.793722927570343,-0.0020696886349469423,0.2,-0.0027738996759580914,0.0003500400758639444,2390,0.04599609375
989.48,715,493568,689,-0.47349736,241,0.7571565508842468,0.0003,-2.266731866449118,0.009966471,0.6651782989501953,0.03988374397158623,0.2,-0.002895876111870166,0.0032374894391523413,2400,0.1029296875
996.1,715,495616,692,-0.47870094,242,0.7337977886199951,0.0003,-2.2451893791556357,0.006531121,0.08361703157424927,-0.018218448385596275,0.2,-0.005411210321472027,0.0006476770437529922,2410,0.0494140625
996.1,715,497664,695,-0.47870094,243,0.7379345893859863,0.0003,-2.2248123861849307,0.005665445,0.8205985426902771,0.005072151776403189,0.2,-0.0039234636977198535,0.0004237492534230114,2420,0.0609375
997.47,714,499712,699,-0.47924106999999994,244,0.7389425039291382,0.0003,-2.2326477862894536,0.006038253,-0.028951406478881836,0.01096778642386198,0.2,-0.0016763975043431855,0.00010001372129408992,2430,0.052734375
1005.66,714,501760,702,-0.47463553999999997,245,0.7536834478378296,0.0003,-2.2534306563436983,0.0070847645,0.15968835353851318,-0.01729000359773636,0.2,-0.004153885247069411,0.003280145851749694,2440,0.081640625
